case_id,family,candidate_event_type,expected_classification,pre_hardening_actual,post_hardening_actual,post_hardening_reason,evidence_span,surrounding_context,target_entity,entity_scope,polarity,temporal_status,failure_type,root_cause,deterministic_shared_logic_relevant,family_specific_logic_relevant,source_extraction_relevant,proposed_general_fix,overfitting_risk,regression_test_id,resolved,formal_gold,contamination_status
050417badd1c5f0623a646fe,restructuring_cost_action,restructuring,accept,ambiguous,accept,direct_or_indirect_target_action,"The majority of the restructuring accrual at June 13, 2026 is expected to be paid within a year.","The majority of the restructuring accrual at June 13, 2026 is expected to be paid within a year.",PEPSICO INC,target_company,neutral_or_positive,planned,missed_supported,active_plan_accounting_evidence,false,true,true,Accept only dated active-plan balances or payment/action evidence; keep definitions ambiguous.,medium,v036-known-01,true,false,DEVELOPMENT_CONTAMINATED_NOT_VALIDATION
0550812c3578675dc111f232,restructuring_cost_action,restructuring,accept,ambiguous,accept,direct_or_indirect_target_action,This restructuring plan is expected to impact approximately 7% of our global workforce with estimated pre-tax charges of approximately $1 billion.,This restructuring plan is expected to impact approximately 7% of our global workforce with estimated pre-tax charges of approximately $1 billion.,"CISCO SYSTEMS, INC.",target_company,neutral_or_positive,planned,missed_supported,indirect_intervention_language,false,true,false,Recognise implemented structural action while rejecting generic capability language.,medium,v036-known-02,true,false,DEVELOPMENT_CONTAMINATED_NOT_VALIDATION
1f06297fff3fd807f39b9581,supply_chain_resilience,supply_chain_constraint,accept,ambiguous,accept,direct_supply_condition,We have implemented actions and programs to mitigate some of the impacts but anticipate supply chain disruptions to continue.,We have implemented actions and programs to mitigate some of the impacts but anticipate supply chain disruptions to continue.,RTX Corp,target_company,neutral_or_positive,current,missed_supported,realised_supply_condition,true,true,false,"Recognise current issuer impact and mitigation/persistence while rejecting third-party, hypothetical and historical-only text.",medium,v036-known-03,true,false,DEVELOPMENT_CONTAMINATED_NOT_VALIDATION
295634ff4162bff6ad74ef07,restructuring_cost_action,restructuring,accept,ambiguous,accept,direct_or_indirect_target_action,"Substantially all of the restructuring accrual at December 27, 2025 is expected to be paid by the end of 2026.","Substantially all of the restructuring accrual at December 27, 2025 is expected to be paid by the end of 2026.",PEPSICO INC,target_company,neutral_or_positive,planned,missed_supported,active_plan_accounting_evidence,false,true,true,Accept only dated active-plan balances or payment/action evidence; keep definitions ambiguous.,medium,v036-known-04,true,false,DEVELOPMENT_CONTAMINATED_NOT_VALIDATION
3924161d7e2a60d592dddc9d,supply_chain_resilience,supply_chain_constraint,reject,accept,reject,historical_only,"We have experienced component shortages in the past, including shortages caused by manufacturing process issues, that have affected our operations, including longer than normal lead times.","We have experienced component shortages in the past, including shortages caused by manufacturing process issues, that have affected our operations, including longer than normal lead times.","CISCO SYSTEMS, INC.",target_company,negative,current,false_accept,historical_context,true,false,false,Reject completed or past-only conditions without a current anchor.,low,v036-known-05,true,false,DEVELOPMENT_CONTAMINATED_NOT_VALIDATION
494538ef771bb0b93e81f33d,supply_chain_resilience,supply_chain_constraint,accept,ambiguous,accept,direct_supply_condition,"Global supply chain disruptions have impacted our ability to procure raw materials, including certain rare earth elements, microelectronics, and certain commodities.","Global supply chain disruptions have impacted our ability to procure raw materials, including certain rare earth elements, microelectronics, and certain commodities.",RTX Corp,target_company,neutral_or_positive,current,missed_supported,realised_supply_condition,true,true,false,"Recognise current issuer impact and mitigation/persistence while rejecting third-party, hypothetical and historical-only text.",medium,v036-known-06,true,false,DEVELOPMENT_CONTAMINATED_NOT_VALIDATION
6172fda86b93901d4372618d,delivery_capacity_sites,site_closure,accept,ambiguous,accept,direct_capacity_or_delivery_event,"These pre-tax charges are expected to consist of approximately 50 % of severance and other employee-related costs, 15 % for asset impairments (all non-cash) resulting from plant closures and related actions, and 35 % for other costs associated with the implementation of our initiatives.","These pre-tax charges are expected to consist of approximately 50 % of severance and other employee-related costs, 15 % for asset impairments (all non-cash) resulting from plant closures and related actions, and 35 % for other costs associated with the implementation of our initiatives.",PEPSICO INC,target_company,negative,planned,missed_supported,indirect_site_action,false,true,false,Recognise closures tied to current charges/actions without treating provisions alone as events.,medium,v036-known-07,true,false,DEVELOPMENT_CONTAMINATED_NOT_VALIDATION
7b2cd12bf72194a3eaad5aff,leadership_change_execution,transformation,accept,ambiguous,accept,direct_change_execution_event,"In addition, we continue on our multi-year phased business transformation initiative to migrate certain aspects of our systems, including our financial processing systems, to enterprise-wide systems solutions and have deployed these systems in certain countries and segments.","In addition, we continue on our multi-year phased business transformation initiative to migrate certain aspects of our systems, including our financial processing systems, to enterprise-wide systems solutions and have deployed these systems in certain countries and segments.",PEPSICO INC,target_company,neutral_or_positive,current,missed_supported,ongoing_programme_execution,false,true,false,"Recognise continuing multi-year execution with deployed action, not aspiration alone.",medium,v036-known-08,true,false,DEVELOPMENT_CONTAMINATED_NOT_VALIDATION
814f0960a7337764a01bdda8,demand_growth,growth_language,reject,accept,reject,metric_description_not_observed_change,We also focus on backlog as a key financial performance measure of our forward-looking sales growth.,We also focus on backlog as a key financial performance measure of our forward-looking sales growth.,RTX Corp,target_company,neutral_or_positive,current,false_accept,metric_description,false,true,false,"Require observed backlog movement, not a metric description.",low,v036-known-09,true,false,DEVELOPMENT_CONTAMINATED_NOT_VALIDATION
a3a2423f647318d0ba80ef94,delivery_capacity_sites,site_closure,accept,ambiguous,accept,direct_capacity_or_delivery_event,"These pre-tax charges are expected to consist of approximately 50 % of severance and other employee-related costs, 15 % for asset impairments (all non-cash) resulting from plant closures and related actions and 35 % for other costs associated with the implementation of our initiatives.","These pre-tax charges are expected to consist of approximately 50 % of severance and other employee-related costs, 15 % for asset impairments (all non-cash) resulting from plant closures and related actions and 35 % for other costs associated with the implementation of our initiatives.",PEPSICO INC,target_company,negative,planned,missed_supported,indirect_site_action,false,true,false,Recognise closures tied to current charges/actions without treating provisions alone as events.,medium,v036-known-10,true,false,DEVELOPMENT_CONTAMINATED_NOT_VALIDATION
a3e3c0cf90876614616ee8ac,workforce,workforce_reduction,accept,ambiguous,accept,direct_workforce_event,The increase in restructuring costs from 2025 compared to 2024 relates to ongoing cost reduction efforts driven by various workforce reductions initiated in 2025.,The increase in restructuring costs from 2025 compared to 2024 relates to ongoing cost reduction efforts driven by various workforce reductions initiated in 2025.,RTX Corp,target_company,negative,ongoing,missed_supported,implemented_workforce_action,false,true,false,Recognise initiated or ongoing reductions with target attribution.,low,v036-known-11,true,false,DEVELOPMENT_CONTAMINATED_NOT_VALIDATION
a5380b92f5356c6cfb7ccd17,restructuring_cost_action,restructuring,accept,ambiguous,accept,direct_or_indirect_target_action,We are continuously evaluating our cost structure and implement restructuring actions in an effort to keep our cost structure competitive.,We are continuously evaluating our cost structure and implement restructuring actions in an effort to keep our cost structure competitive.,RTX Corp,target_company,neutral_or_positive,current,missed_supported,indirect_intervention_language,false,true,false,Recognise implemented structural action while rejecting generic capability language.,medium,v036-known-12,true,false,DEVELOPMENT_CONTAMINATED_NOT_VALIDATION
bd1a14e916f23c3116da4f70,supply_chain_resilience,supply_chain_constraint,accept,ambiguous,accept,direct_supply_condition,"These included ongoing supply chain disruptions; tariffs; persistent inflationary pressures; evolving consumer consumption patterns and preferences; an intensely competitive business environment, including the increased adoption of artificial intelligence technologies; the continued expansion of e-commerce in a rapidly changing retail landscape, including customers moving away from DSD systems; the need for further innovation and collaboration as we progress toward our ambitious packaging and other goals; ongoing macroeconomic and political volatility; and an increasingly complex regulatory environment.","These included ongoing supply chain disruptions; tariffs; persistent inflationary pressures; evolving consumer consumption patterns and preferences; an intensely competitive business environment, including the increased adoption of artificial intelligence technologies; the continued expansion of e-commerce in a rapidly changing retail landscape, including customers moving away from DSD systems; the need for further innovation and collaboration as we progress toward our ambitious packaging and other goals; ongoing macroeconomic and political volatility; and an increasingly complex regulatory environment.",PEPSICO INC,target_company,neutral_or_positive,ongoing,missed_supported,realised_supply_condition,true,true,false,"Recognise current issuer impact and mitigation/persistence while rejecting third-party, hypothetical and historical-only text.",medium,v036-known-13,true,false,DEVELOPMENT_CONTAMINATED_NOT_VALIDATION
cc6d86909c10b087c96d4ebf,supply_chain_resilience,supply_chain_constraint,accept,ambiguous,accept,direct_supply_condition,"We have implemented certain actions and programs which have mitigated some of the impacts, but we anticipate that supply chain disruptions will continue.","We have implemented certain actions and programs which have mitigated some of the impacts, but we anticipate that supply chain disruptions will continue.",RTX Corp,target_company,neutral_or_positive,planned,missed_supported,realised_supply_condition,true,true,false,"Recognise current issuer impact and mitigation/persistence while rejecting third-party, hypothetical and historical-only text.",medium,v036-known-14,true,false,DEVELOPMENT_CONTAMINATED_NOT_VALIDATION
d1041434880d20ce98d35969,workforce,labour_constraint,reject,accept,reject,hypothetical_only,"Any unplanned turnover, sustained labor shortage or unsuccessful implementation of our succession plans to backfill current leadership positions, including the Chief Executive Officer, or failure to attract, develop and maintain a highly skilled workforce, including with key capabilities such as e-commerce and digital marketing, artificial intelligence and data analytic skills, can deplete our institutional knowledge base, erode our competitive advantage or result in increased costs due to increased competition for employees, higher employee turnover or increased employee benefit costs.","Any unplanned turnover, sustained labor shortage or unsuccessful implementation of our succession plans to backfill current leadership positions, including the Chief Executive Officer, or failure to attract, develop and maintain a highly skilled workforce, including with key capabilities such as e-commerce and digital marketing, artificial intelligence and data analytic skills, can deplete our institutional knowledge base, erode our competitive advantage or result in increased costs due to increased competition for employees, higher employee turnover or increased employee benefit costs.",PEPSICO INC,target_company,negative,planned,false_accept,hypothetical_risk,true,false,false,Reject conditional risk language without realised impact.,low,v036-known-15,true,false,DEVELOPMENT_CONTAMINATED_NOT_VALIDATION
df2482ec0921b8e6a1a7b1f6,demand_growth,demand_weakness,reject,accept,reject,historical_only,"Although service provider and cloud product orders increased during fiscal 2025, service provider and cloud market product orders decreased in fiscal 2024, and at various times in the past we have experienced significant weakness in product orders from the service provider and cloud market.","Although service provider and cloud product orders increased during fiscal 2025, service provider and cloud market product orders decreased in fiscal 2024, and at various times in the past we have experienced significant weakness in product orders from the service provider and cloud market.","CISCO SYSTEMS, INC.",target_company,negative,current,false_accept,historical_context,true,false,false,Reject completed or past-only conditions without a current anchor.,low,v036-known-16,true,false,DEVELOPMENT_CONTAMINATED_NOT_VALIDATION
ebb5147404167026f7c424da,restructuring_cost_action,restructuring,accept,ambiguous,accept,direct_or_indirect_target_action,We are continuously evaluating our cost structure and implement restructuring actions in an effort to keep our cost structure competitive.,We are continuously evaluating our cost structure and implement restructuring actions in an effort to keep our cost structure competitive.,RTX Corp,target_company,neutral_or_positive,current,missed_supported,indirect_intervention_language,false,true,false,Recognise implemented structural action while rejecting generic capability language.,medium,v036-known-17,true,false,DEVELOPMENT_CONTAMINATED_NOT_VALIDATION
edadea641c2b31fae28945c3,supply_chain_resilience,supply_chain_constraint,reject,accept,reject,historical_only,"We have experienced component shortages in the past, including shortages caused by manufacturing process issues, that have affected our operations, including longer than normal lead times.","We have experienced component shortages in the past, including shortages caused by manufacturing process issues, that have affected our operations, including longer than normal lead times.","CISCO SYSTEMS, INC.",target_company,negative,current,false_accept,historical_context,true,false,false,Reject completed or past-only conditions without a current anchor.,low,v036-known-18,true,false,DEVELOPMENT_CONTAMINATED_NOT_VALIDATION
f7b14e22fe454f9a67133d3d,leadership_change_execution,transformation,accept,ambiguous,accept,direct_change_execution_event,"Our future success in delivering innovative and affordable solutions to our customers relies, in part, on our multi-year business transformation initiative that seeks to significantly enhance our digital infrastructure to increase efficiencies and collaboration throughout our business while reducing costs.","Our future success in delivering innovative and affordable solutions to our customers relies, in part, on our multi-year business transformation initiative that seeks to significantly enhance our digital infrastructure to increase efficiencies and collaboration throughout our business while reducing costs.",LOCKHEED MARTIN CORP,target_company,neutral_or_positive,current,missed_supported,ongoing_programme_execution,false,true,false,"Recognise continuing multi-year execution with deployed action, not aspiration alone.",medium,v036-known-19,true,false,DEVELOPMENT_CONTAMINATED_NOT_VALIDATION
fd9c61ae4b342db3e928a8cf,restructuring_cost_action,restructuring,accept,ambiguous,accept,direct_or_indirect_target_action,"NOTES TO CONSOLIDATED FINANCIAL STATEMENTS (Continued) (Unaudited) The following table summarizes the activities related to our restructuring liability, which was included in other current liabilities on our Consolidated Balance Sheets (in millions): FISCAL 2025 PLAN Employee Severance Other Total Liability as of July 26, 2025 $ 66 $ 46 $ 112 Charges 142 40 182 Cash payments ( 169 ) ( 27 ) ( 196 ) Non-cash and other ( 1 ) ( 38 ) ( 39 ) Liability as of April 25, 2026 $ 38 $ 21 $ 59 7.","NOTES TO CONSOLIDATED FINANCIAL STATEMENTS (Continued) (Unaudited) The following table summarizes the activities related to our restructuring liability, which was included in other current liabilities on our Consolidated Balance Sheets (in millions): FISCAL 2025 PLAN Employee Severance Other Total Liability as of July 26, 2025 $ 66 $ 46 $ 112 Charges 142 40 182 Cash payments ( 169 ) ( 27 ) ( 196 ) Non-cash and other ( 1 ) ( 38 ) ( 39 ) Liability as of April 25, 2026 $ 38 $ 21 $ 59 7.","CISCO SYSTEMS, INC.",target_company,neutral_or_positive,current,missed_supported,active_plan_accounting_evidence,false,true,true,Accept only dated active-plan balances or payment/action evidence; keep definitions ambiguous.,medium,v036-known-20,true,false,DEVELOPMENT_CONTAMINATED_NOT_VALIDATION
