comparison_id,document_id,ai_original_event_type,ai_normalized_event_type,ai_label_status,ai_source_page_section,ai_exact_evidence_span,ai_ambiguity_flag,classification,piotw_event_type,piotw_evidence_span,evidence_similarity,severe,root_cause,diagnosis
event-001,ee03-aapl-0000320193-23-000106,supply_chain_constraint,supply_chain_constraint,positive,PDF p6 — Supply of Components,many components used by the Company ... are at times subject to industry-wide shortage and significant commodity pricing fluctuations,no,EVENT_AGREEMENT,supply_chain_constraint,"Therefore, many components used by the Company, including those that are available from multiple sources, are at times subject to industry-wide shortage and significant commodity pricing fluctuations.",0.6842,false,equivalent event evidence,Same event type and substantively overlapping evidence.
event-002,ee03-aapl-0000320193-23-000106,margin_pressure,margin_deterioration,positive,PDF p5 — Competition,aggressive price competition and resulting downward pressure on gross margins,no,EVENT_AGREEMENT,margin_deterioration,"Competition The markets for the Company’s products and services are highly competitive, and are characterized by aggressive price competition and resulting downward pressure on gross margins, frequent introduction of new products and services, short product life cycles, evolving industry standards, continual improvement in product price and performance characteristics, rapid adoption of technological advancements by competitors, and price sensitivity on the part of consumers and businesses.",0.2105,false,equivalent event evidence,Same event type and substantively overlapping evidence.
event-003,ee03-aapl-0000320193-24-000081,demand_weakness,demand_weakness,positive,PDF p19 — Segment Operating Performance,Year-over-year Greater China net sales decreased during the first nine months of 2024 due primarily to lower net sales of iPhone and iPad.,no,EVENT_AGREEMENT,demand_weakness,Year-over-year Greater China net sales decreased during the first nine months of 2024 due primarily to lower net sales of iPhone and iPad.,1.0,false,equivalent event evidence,Same event type and substantively overlapping evidence.
event-004,ee03-aapl-0000320193-24-000081,growth,growth_language,positive,PDF p20 — Products and Services Performance,Services net sales increased during the third quarter and first nine months of 2024 ...,no,EVENT_AGREEMENT,growth_language,Mac Mac net sales increased during the third quarter and first nine months of 2024 compared to the same periods in 2023 due to higher net sales of laptops.,0.5294,false,equivalent event evidence,Same event type and substantively overlapping evidence.
event-005,ee03-alb-0000915913-23-000039,capacity_expansion,capacity_expansion,positive,PDF p26 — Capital Expenditures,"Our capital expenditures generally consist of ... substantial investments in new or expanded equipment, facilities and properties.",no,EVENT_AGREEMENT,capacity_expansion,"Our capital expenditures generally consist of expenditures to maintain and improve existing equipment, facilities and properties, and substantial investments in new or expanded equipment, facilities and properties.",0.7857,false,equivalent event evidence,Same event type and substantively overlapping evidence.
event-006,ee03-alb-0000915913-23-000039,investment,major_investment,positive,PDF p102 — Capital Expenditures,"we expect our capital expenditures to be between $1.7 billion and $1.9 billion in 2023, primarily for Energy Storage",no,EVENT_AGREEMENT,major_investment,"We expect our capital expenditures to be between $1.7 billion and $1.9 billion in 2023 primarily for Energy Storage growth and capacity increases, including in Australia, Chile, China and Silver Peak, Nevada, as well as productivity and continuity of operations projects in all segments.",0.32,false,equivalent event evidence,Same event type and substantively overlapping evidence.
event-007,ee03-alb-0000915913-24-000156,,,ambiguous,PDF p2 — Item 2.02 Results of Operations and Financial Condition,"issued a press release reporting its results for the third quarter ended September 30, 2024. A copy of this release is being furnished as Exhibit 99.1",yes,AMBIGUOUS,,,,false,incomplete reviewer PDF,Source-pack completeness issue; not an event comparison.
event-008,ee03-ba-0000012927-23-000007,recovery,recovery_language,positive,PDF p49 — Global Services / Business Environment and Trends,"During 2022, commercial services volume at BGS recovered to pre-pandemic levels.",no,EVENT_AGREEMENT,recovery_language,"During 2022, commercial services volume at BGS recovered to pre-pandemic levels.",1.0,false,equivalent event evidence,Same event type and substantively overlapping evidence.
event-009,ee03-ba-0000012927-23-000007,margin_pressure,margin_deterioration,positive,PDF p50 — Industry Competitiveness,"This market environment has resulted in intense pressures on pricing, and we expect these pressures to continue or intensify",no,EVENT_AGREEMENT,margin_deterioration,"This market environment has resulted in intense pressures on pricing and other competitive factors, and we expect these pressures to continue or intensify in the coming years.",0.7059,false,equivalent event evidence,Same event type and substantively overlapping evidence.
event-010,ee03-ba-0000012927-23-000007,demand_weakness,demand_weakness,positive,PDF p52 — Backlog,"BGS total backlog ... decreased by 6% from $20,496 million at December 31, 2021",yes,EVENT_AGREEMENT,demand_weakness,"38 Table of Contents Backlog BGS total backlog of $19,338 million at December 31, 2022 decreased by 6% from $20,496 million at December 31, 2021, primarily due to revenue recognized on contracts awarded in prior years.",0.375,false,equivalent event evidence,Same event type and substantively overlapping evidence.
event-011,ee03-ba-0000012927-24-000082,operational_disruption,operational_disruption,positive,PDF p71 — Liquidity and Capital Resources,"Commercial airplane cash outflows reflect slowed and/or paused production and lower deliveries as a result of ongoing safety and quality improvement actions ... supply chain constraints, and the ongoing work stoppage",no,EVENT_AGREEMENT,operational_disruption,"Commercial airplane cash outflows reflect slowed and/or paused production and lower deliveries as a result of ongoing safety and quality improvement actions the Company is taking following the Alaska Airlines accident on January 5, 2024, supply chain constraints, and the ongoing work stoppage initiated on September 13, 2024, by IAM 751.",0.6774,false,equivalent event evidence,Same event type and substantively overlapping evidence.
event-012,ee03-ba-0000012927-24-000082,labour_constraint,labour_constraint,positive,PDF p73 — Capital Resources,the ongoing work stoppage ... has paused production of certain commercial aircraft models ... and is also significantly reducing aircraft deliveries,no,EVENT_AGREEMENT,labour_constraint,"Additionally, the ongoing work stoppage initiated on September 13, 2024, by the International Association of Machinists and Aerospace Workers District 751 (IAM 751) has paused production of certain commercial aircraft models (737, 767, 777 and 777X aircraft) as well as production of commercial derivative aircraft for our Defense, Space & Security business (KC-46A Tanker and P-8A Poseidon).",0.3125,false,equivalent event evidence,Same event type and substantively overlapping evidence.
event-013,ee03-ba-0000012927-24-000082,workforce_reduction,workforce_reduction,positive,PDF p15 — Liquidity Matters,"on October 11, 2024, we announced that we plan to reduce the size of our total workforce by roughly 10 percent",no,EVENT_AGREEMENT,workforce_reduction,"In addition, on October 11, 2024, we announced that we plan to reduce the size of our total workforce by roughly 10 percent.",0.9,false,equivalent event evidence,Same event type and substantively overlapping evidence.
event-014,ee03-ba-0000012927-24-000082,cost_reduction,cost_reduction,positive,PDF p15 — Liquidity Matters,We are reducing discretionary spending as well as reducing or deferring non-essential capital expenditures.,no,EVENT_AGREEMENT,cost_reduction,We are reducing discretionary spending as well as reducing or deferring non-essential capital expenditures.,1.0,false,equivalent event evidence,Same event type and substantively overlapping evidence.
event-015,ee03-ba-0000012927-24-000082,liquidity_concern,liquidity_concern,positive,PDF p73 — Capital Resources,Moody’s downgraded our short term and long term credit ratings to Baa3/P-3 ... Moody's and S&P placed our ratings on review for downgrade,no,EVENT_AGREEMENT,liquidity_concern,"Moody's and S&P placed our ratings on review for downgrade in September 2024 and October 2024, respectively.",0.3571,false,equivalent event evidence,Same event type and substantively overlapping evidence.
event-016,ee03-ba-0000012927-24-000082,,,,,,,AI_REVIEW_MISSING,supply_chain_constraint,"Commercial airplane cash outflows reflect slowed production and deliveries as a result of ongoing safety and quality improvement actions the Company is taking following the Alaska Airlines accident on January 5, 2024, as well as supply chain constraints.",,false,AI reviewer omission,Plausible extracted event omitted from a deliberately selective AI pass; human adjudication required.
event-017,ee03-ba-0000012927-24-000082,,,,,,,AI_REVIEW_MISSING,operational_disruption,"Commercial airplane cash outflows reflect slowed production and deliveries as a result of ongoing safety and quality improvement actions the Company is taking following the Alaska Airlines accident on January 5, 2024, as well as supply chain constraints.",,false,AI reviewer omission,Plausible extracted event omitted from a deliberately selective AI pass; human adjudication required.
event-018,ee03-ba-0000012927-24-000082,,,,,,,AI_REVIEW_MISSING,operational_disruption,"Additionally, the ongoing work stoppage initiated on September 13, 2024, by the International Association of Machinists and Aerospace Workers District 751 (IAM 751) has paused production of certain commercial aircraft models (737, 767, 777 and 777X aircraft) as well as production of commercial derivative aircraft for our Defense, Space & Security business (KC-46A Tanker and P-8A Poseidon).",,false,AI reviewer omission,Plausible extracted event omitted from a deliberately selective AI pass; human adjudication required.
event-019,ee03-ba-0000012927-24-000082,,,,,,,AI_REVIEW_MISSING,labour_constraint,"The IAM 751 work stoppage is also significantly reducing aircraft deliveries and adversely impacting our financial position, results of operations and cash flows.",,false,AI reviewer omission,Plausible extracted event omitted from a deliberately selective AI pass; human adjudication required.
event-020,ee03-ba-0000012927-24-000082,,,,,,,AI_REVIEW_MISSING,labour_constraint,"We are also pausing the issuance of the majority of supplier purchase orders on the 737, 767, 777, and 777X programs due to IAM 751's ongoing work stoppage.",,false,AI reviewer omission,Plausible extracted event omitted from a deliberately selective AI pass; human adjudication required.
event-021,ee03-ba-0000012927-24-000082,,,,,,,AI_REVIEW_MISSING,refinancing,"Financing Commitments Financing commitments related to aircraft on order, including options and those proposed in sales campaigns, and refinancing of delivered aircraft, totaled $ 17,379 and $ 17,003 as of September 30, 2024 and December 31, 2023.",,false,AI reviewer omission,Plausible extracted event omitted from a deliberately selective AI pass; human adjudication required.
event-022,ee03-ba-0000012927-24-000082,,,,,,,AI_REVIEW_MISSING,supply_chain_constraint,"During the first quarter of 2024, we increased the reach-forward loss by $ 128 , primarily due to factory disruption associated with supply chain constraints.",,false,AI reviewer omission,Plausible extracted event omitted from a deliberately selective AI pass; human adjudication required.
event-023,ee03-ba-0000012927-24-000082,,,,,,,AI_REVIEW_MISSING,supply_chain_constraint,"During the second quarter of 2024, we increased the reach-forward loss on the contract by $ 391 , primarily reflecting higher than anticipated factory disruption, including supply chain constraints and parts shortages.",,false,AI reviewer omission,Plausible extracted event omitted from a deliberately selective AI pass; human adjudication required.
event-024,ee03-ba-0000012927-24-000082,,,,,,,AI_REVIEW_MISSING,labour_constraint,"During the three months ended September 30, 2024, we increased the reach-forward loss on the contract by $ 661 to reflect higher than anticipated factory disruption, higher estimated supplier costs, the projected impacts of IAM 751 contract negotiations and the ongoing work stoppage, and increased cost allocations primarily resulting from lower commercial airplane production rates.",,false,AI reviewer omission,Plausible extracted event omitted from a deliberately selective AI pass; human adjudication required.
event-025,ee03-ba-0000012927-24-000082,,,,,,,AI_REVIEW_MISSING,new_facility,We will be initiating final assembly operations at our new facility at Mid-America St.,,false,AI reviewer omission,Plausible extracted event omitted from a deliberately selective AI pass; human adjudication required.
event-026,ee03-ba-0000012927-24-000082,,,,,,,AI_REVIEW_MISSING,labour_constraint,"government appropriations; (6) our dependence on our subcontractors and suppliers, as well as the availability of highly skilled labor and raw materials; (7) work stoppages or other labor disruptions; (8) competition within our markets; (9) our non-U.S.",,false,AI reviewer omission,Plausible extracted event omitted from a deliberately selective AI pass; human adjudication required.
event-027,ee03-ba-0000012927-24-000082,,,,,,,AI_REVIEW_MISSING,labour_constraint,"BCA loss from operations increased by $3,343 million reflecting reach-forward losses on 777X and 767, lower margins driven by production disruption including the IAM 751 work stoppage, and higher research and development expense, partially offset by lower abnormal production costs.",,false,AI reviewer omission,Plausible extracted event omitted from a deliberately selective AI pass; human adjudication required.
event-028,ee03-ba-0000012927-24-000082,,,,,,,AI_REVIEW_MISSING,operational_disruption,"BCA loss from operations increased by $3,343 million reflecting reach-forward losses on 777X and 767, lower margins driven by production disruption including the IAM 751 work stoppage, and higher research and development expense, partially offset by lower abnormal production costs.",,false,AI reviewer omission,Plausible extracted event omitted from a deliberately selective AI pass; human adjudication required.
event-029,ee03-ba-0000012927-24-000082,,,,,,,AI_REVIEW_MISSING,supply_chain_constraint,"44 Table of Contents Supply Chain We and our suppliers are experiencing inflationary pressures, as well as supply chain disruptions as a result of global supply chain constraints and labor instability.",,false,AI reviewer omission,Plausible extracted event omitted from a deliberately selective AI pass; human adjudication required.
event-030,ee03-ba-0000012927-24-000082,,,,,,,AI_REVIEW_MISSING,labour_constraint,"BCA loss from operations was $ 4,021 million for the three months ended September 30, 2024, compared with $ 678 million in the same period in 2023 reflecting reach-forward losses on 777X and 767, lower margins driven by production disruption including the IAM 751 work stoppage, and higher research and development expense, partially offset by lower abnormal production costs.",,false,AI reviewer omission,Plausible extracted event omitted from a deliberately selective AI pass; human adjudication required.
event-031,ee03-ba-0000012927-24-000082,,,,,,,AI_REVIEW_MISSING,operational_disruption,"BCA loss from operations was $ 4,021 million for the three months ended September 30, 2024, compared with $ 678 million in the same period in 2023 reflecting reach-forward losses on 777X and 767, lower margins driven by production disruption including the IAM 751 work stoppage, and higher research and development expense, partially offset by lower abnormal production costs.",,false,AI reviewer omission,Plausible extracted event omitted from a deliberately selective AI pass; human adjudication required.
event-032,ee03-ba-0000012927-24-000082,,,,,,,AI_REVIEW_MISSING,operational_disruption,"During the nine months ended September 30, 2024, as part of our plan to address the issues identified, we slowed production rates and delayed planned production rate increases to reduce traveled work in our factory, as well as at our suppliers.",,false,AI reviewer omission,Plausible extracted event omitted from a deliberately selective AI pass; human adjudication required.
event-033,ee03-ba-0000012927-24-000082,,,,,,,AI_REVIEW_MISSING,labour_constraint,"However, production has been paused since September 13, 2024, as a result of the ongoing work stoppage initiated by IAM 751.",,false,AI reviewer omission,Plausible extracted event omitted from a deliberately selective AI pass; human adjudication required.
event-034,ee03-ba-0000012927-24-000082,,,,,,,AI_REVIEW_MISSING,labour_constraint,"Prior to the work stoppage, we were working toward a production rate of 38 per month by the end of 2024, which we now expect to be delayed by the work stoppage.",,false,AI reviewer omission,Plausible extracted event omitted from a deliberately selective AI pass; human adjudication required.
event-035,ee03-ba-0000012927-24-000082,,,,,,,AI_REVIEW_MISSING,labour_constraint,Deliveries are being impacted by the work stoppage.,,false,AI reviewer omission,Plausible extracted event omitted from a deliberately selective AI pass; human adjudication required.
event-036,ee03-ba-0000012927-24-000082,,,,,,,AI_REVIEW_MISSING,operational_disruption,"We have slowed production in 2024 to reduce traveled work in our factory and enable supply chain recovery, resulting in higher near-term production costs.",,false,AI reviewer omission,Plausible extracted event omitted from a deliberately selective AI pass; human adjudication required.
event-037,ee03-ba-0000012927-24-000082,,,,,,,AI_REVIEW_MISSING,labour_constraint,"Impacts of this decision, as well as the ongoing IAM 751 work stoppage and contract negotiations, and higher costs driven by ongoing factory disruption resulted in a $0.4 billion reach-forward loss on the 767 freighter program in the third quarter of 2024.",,false,AI reviewer omission,Plausible extracted event omitted from a deliberately selective AI pass; human adjudication required.
event-038,ee03-ba-0000012927-24-000082,,,,,,,AI_REVIEW_MISSING,labour_constraint,"While production is currently paused, prior to the work stoppage, we were at a combined production rate of 4 per month for the 777/777X programs.",,false,AI reviewer omission,Plausible extracted event omitted from a deliberately selective AI pass; human adjudication required.
event-039,ee03-ba-0000012927-24-000082,,,,,,,AI_REVIEW_MISSING,labour_constraint,"Prior to the work stoppage, the programs experienced factory disruption including 777 supply chain delays and quality issues, and challenges associated with 777X production.",,false,AI reviewer omission,Plausible extracted event omitted from a deliberately selective AI pass; human adjudication required.
event-040,ee03-ba-0000012927-24-000082,,,,,,,AI_REVIEW_MISSING,labour_constraint,"The flight test aircraft were subsequently approved for flight; however, the resumption of flight activities will be impacted by the work stoppage.",,false,AI reviewer omission,Plausible extracted event omitted from a deliberately selective AI pass; human adjudication required.
event-041,ee03-ba-0000012927-24-000082,,,,,,,AI_REVIEW_MISSING,supply_chain_constraint,"787 Program During the first quarter of 2024, we disclosed that we were slowing near-term production to below 5 per month due to supply chain constraints.",,false,AI reviewer omission,Plausible extracted event omitted from a deliberately selective AI pass; human adjudication required.
event-042,ee03-ba-0000012927-24-000082,,,,,,,AI_REVIEW_MISSING,supply_chain_constraint,The program continues to experience supply chain constraints and production issues.,,false,AI reviewer omission,Plausible extracted event omitted from a deliberately selective AI pass; human adjudication required.
event-043,ee03-ba-0000012927-24-000082,,,,,,,AI_REVIEW_MISSING,labour_constraint,This required rework is currently paused as a result of the IAM 751 work stoppage.,,false,AI reviewer omission,Plausible extracted event omitted from a deliberately selective AI pass; human adjudication required.
event-044,ee03-ba-0000012927-24-000082,,,,,,,AI_REVIEW_MISSING,supply_chain_constraint,"Commercial airplane cash outflows reflect slowed and/or paused production and lower deliveries as a result of ongoing safety and quality improvement actions the Company is taking following the Alaska Airlines accident on January 5, 2024, supply chain constraints, and the ongoing work stoppage initiated on September 13, 2024, by IAM 751.",,false,AI reviewer omission,Plausible extracted event omitted from a deliberately selective AI pass; human adjudication required.
event-045,ee03-ba-0000012927-24-000082,,,,,,,AI_REVIEW_MISSING,labour_constraint,"Commercial airplane cash outflows reflect slowed and/or paused production and lower deliveries as a result of ongoing safety and quality improvement actions the Company is taking following the Alaska Airlines accident on January 5, 2024, supply chain constraints, and the ongoing work stoppage initiated on September 13, 2024, by IAM 751.",,false,AI reviewer omission,Plausible extracted event omitted from a deliberately selective AI pass; human adjudication required.
event-046,ee03-ba-0000012927-24-000082,,,,,,,AI_REVIEW_MISSING,operational_disruption,"Changes in Accounts payable during the nine months ended September 30, 2024 compared to the same period in 2023 reflects slowed/paused production primarily in our commercial airplanes business.",,false,AI reviewer omission,Plausible extracted event omitted from a deliberately selective AI pass; human adjudication required.
event-047,ee03-ba-0000012927-24-000082,,,,,,,AI_REVIEW_MISSING,labour_constraint,"Work stoppages by our employees are currently adversely affecting our business, financial condition, results of operations and/or cash flows.",,false,AI reviewer omission,Plausible extracted event omitted from a deliberately selective AI pass; human adjudication required.
event-048,ee03-ba-0000012927-24-000082,,,,,,,AI_REVIEW_MISSING,labour_constraint,This work stoppage has had and may continue to have negative impacts on our key suppliers and customers.,,false,AI reviewer omission,Plausible extracted event omitted from a deliberately selective AI pass; human adjudication required.
event-049,ee03-ba-0000012927-24-000082,,,,,,,AI_REVIEW_MISSING,workforce_reduction,"Furthermore, actions we have taken in response to the strike to help preserve our financial condition, including planned workforce reductions, furloughs, hiring freezes and pausing the issuance of certain supplier purchase orders, could negatively impact our ability to achieve our strategic objectives.",,false,AI reviewer omission,Plausible extracted event omitted from a deliberately selective AI pass; human adjudication required.
event-050,ee03-alb-0000915913-23-000039,,,,,,,AI_REVIEW_MISSING,growth_language,"Research and Development We believe that in order to generate revenue growth, maintain our margins and remain competitive, we must continually invest in research and development, product and process improvements and specialized customer services.",,false,AI reviewer omission,Plausible extracted event omitted from a deliberately selective AI pass; human adjudication required.
event-051,ee03-alb-0000915913-23-000039,,,,,,,AI_REVIEW_MISSING,major_investment,"Our capital expenditures generally consist of expenditures to maintain and improve existing equipment, facilities and properties, and substantial investments in new or expanded equipment, facilities and properties.",,false,AI reviewer omission,Plausible extracted event omitted from a deliberately selective AI pass; human adjudication required.
event-052,ee03-alb-0000915913-23-000039,,,,,,,AI_REVIEW_MISSING,supply_chain_constraint,"We have experienced, and may continue to experience, volatility and increases in the price of certain raw materials and in transportation and energy costs as a result of global market and supply chain disruptions and the broader inflationary environment.",,false,AI reviewer omission,Plausible extracted event omitted from a deliberately selective AI pass; human adjudication required.
event-053,ee03-alb-0000915913-23-000039,,,,,,,AI_REVIEW_MISSING,cost_reduction,"We believe our disciplined cost reduction efforts and ongoing productivity improvements, among other factors, position us well to take advantage of strengthening economic conditions as they occur, while softening the negative impact of the current challenging global economic environment.",,false,AI reviewer omission,Plausible extracted event omitted from a deliberately selective AI pass; human adjudication required.
event-054,ee03-alb-0000915913-23-000039,,,,,,,AI_REVIEW_MISSING,new_facility,"We anticipate that innovations from the new site will enhance lithium recovery, improve production methods, and introduce new forms of lithium to enable breakthrough levels of battery performance.",,false,AI reviewer omission,Plausible extracted event omitted from a deliberately selective AI pass; human adjudication required.
event-055,ee03-alb-0000915913-23-000039,,,,,,,AI_REVIEW_MISSING,capacity_expansion,"In particular, the market for lithium battery and energy storage, particularly for electric vehicles (“EVs”), remains strong, providing the opportunity to continue to develop high quality and innovative products while managing the high cost of expanding capacity.",,false,AI reviewer omission,Plausible extracted event omitted from a deliberately selective AI pass; human adjudication required.
event-056,ee03-alb-0000915913-23-000039,,,,,,,AI_REVIEW_MISSING,cost_reduction,"In addition, Specialties’ ongoing cost savings initiatives and higher pricing are expected to offset higher freight and raw material costs such as lithium chloride.",,false,AI reviewer omission,Plausible extracted event omitted from a deliberately selective AI pass; human adjudication required.
event-057,ee03-alb-0000915913-23-000039,,,,,,,AI_REVIEW_MISSING,cost_reduction,"Our main focus in the short-term, during the continued uncertainty surrounding the global economy, including caused by the ongoing COVID-19 pandemic and recent inflationary trends, is to continue to maintain financial flexibility by continuing our cost savings initiative, while still protecting our employees and customers, committing to shareholder returns and maintaining an investment grade rating.",,false,AI reviewer omission,Plausible extracted event omitted from a deliberately selective AI pass; human adjudication required.
event-058,ee03-alb-0000915913-23-000039,,,,,,,AI_REVIEW_MISSING,refinancing,"Federal Reserve or similar national reserve banks in other countries decide to continue tightening the monetary supply, we may incur increased borrowing costs (as interest rates increase on our variable rate credit facilities, as our various credit facilities mature or as we refinance any maturing fixed rate debt obligations), although these cost increases would be partially offset by increased income rates on portions of our cash deposits.",,false,AI reviewer omission,Plausible extracted event omitted from a deliberately selective AI pass; human adjudication required.
event-059,ee03-alb-0000915913-23-000039,,,,,,,AI_REVIEW_MISSING,new_facility,The grant will be received over the life of the construction period for the new facility (projected as 2023 to 2026) as reimbursement for capital expenditures.,,false,AI reviewer omission,Plausible extracted event omitted from a deliberately selective AI pass; human adjudication required.
event-060,ee03-alb-0000915913-23-000039,,,,,,,AI_REVIEW_MISSING,refinancing,"At December 31, 2022 and 2021, we had the ability and intent to refinance our borrowings under our other existing credit lines with borrowings under the 2018 Credit Agreement.",,false,AI reviewer omission,Plausible extracted event omitted from a deliberately selective AI pass; human adjudication required.
event-061,ee03-aapl-0000320193-23-000106,,,,,,,AI_REVIEW_MISSING,restructuring,"Restrictive measures can require the Company to take various actions, including changing suppliers, restructuring business relationships, and ceasing to offer third-party applications on its platforms.",,false,AI reviewer omission,Plausible extracted event omitted from a deliberately selective AI pass; human adjudication required.
event-062,ee03-aapl-0000320193-23-000106,,,,,,,AI_REVIEW_MISSING,margin_deterioration,"The Company’s products and services are offered in highly competitive global markets characterized by aggressive price competition and resulting downward pressure on gross margins, frequent introduction of new products and services, short product life cycles, evolving industry standards, continual improvement in product price and performance characteristics, rapid adoption of technological advancements by competitors, and price sensitivity on the part of consumers and businesses.",,false,AI reviewer omission,Plausible extracted event omitted from a deliberately selective AI pass; human adjudication required.
event-063,ee03-aapl-0000320193-23-000106,,,,,,,AI_REVIEW_MISSING,supply_chain_constraint,"Many components, including those that are available from multiple sources, are at times subject to industry-wide shortages and significant commodity pricing fluctuations that can materially adversely affect the Company’s business, results of operations and financial condition.",,false,AI reviewer omission,Plausible extracted event omitted from a deliberately selective AI pass; human adjudication required.
event-064,ee03-aapl-0000320193-23-000106,,,,,,,AI_REVIEW_MISSING,margin_deterioration,"The Company’s gross margins are subject to volatility and downward pressure due to a variety of factors, including: continued industry-wide global product pricing pressures and product pricing actions that the Company may take in response to such pressures; increased competition; the Company’s ability to effectively stimulate demand for certain of its products and services; compressed product life cycles; supply shortages; potential increases in the cost of components, outside manufacturing services, and developing, acquiring and delivering content for the Company’s services; the Company’s ability to manage product quality and warranty costs effectively; shifts in the mix of products and services, or in the geographic, currency or channel mix, including to the extent that regulatory changes require the Company to modify its product and service offerings; fluctuations in foreign exchange rates; inflation and other macroeconomic pressures; and the introduction of new products or services, including new products or services with higher cost structures.",,false,AI reviewer omission,Plausible extracted event omitted from a deliberately selective AI pass; human adjudication required.
event-065,ee03-aapl-0000320193-23-000106,,,,,,,AI_REVIEW_MISSING,demand_weakness,The Company’s total net sales decreased 3% or $11.0 billion during 2023 compared to 2022.,,false,AI reviewer omission,Plausible extracted event omitted from a deliberately selective AI pass; human adjudication required.
event-066,ee03-aapl-0000320193-23-000106,,,,,,,AI_REVIEW_MISSING,demand_weakness,Europe Europe net sales decreased 1% or $824 million during 2023 compared to 2022.,,false,AI reviewer omission,Plausible extracted event omitted from a deliberately selective AI pass; human adjudication required.
event-067,ee03-aapl-0000320193-23-000106,,,,,,,AI_REVIEW_MISSING,demand_weakness,Greater China Greater China net sales decreased 2% or $1.6 billion during 2023 compared to 2022.,,false,AI reviewer omission,Plausible extracted event omitted from a deliberately selective AI pass; human adjudication required.
event-068,ee03-aapl-0000320193-23-000106,,,,,,,AI_REVIEW_MISSING,demand_weakness,Japan Japan net sales decreased 7% or $1.7 billion during 2023 compared to 2022.,,false,AI reviewer omission,Plausible extracted event omitted from a deliberately selective AI pass; human adjudication required.
event-069,ee03-aapl-0000320193-23-000106,,,,,,,AI_REVIEW_MISSING,growth_language,Rest of Asia Pacific Rest of Asia Pacific net sales increased 1% or $240 million during 2023 compared to 2022.,,false,AI reviewer omission,Plausible extracted event omitted from a deliberately selective AI pass; human adjudication required.
event-070,ee03-aapl-0000320193-23-000106,,,,,,,AI_REVIEW_MISSING,demand_weakness,"iPhone iPhone net sales decreased 2% or $4.9 billion during 2023 compared to 2022 due to lower net sales of non-Pro iPhone models, partially offset by higher net sales of Pro iPhone models.",,false,AI reviewer omission,Plausible extracted event omitted from a deliberately selective AI pass; human adjudication required.
event-071,ee03-aapl-0000320193-23-000106,,,,,,,AI_REVIEW_MISSING,demand_weakness,Mac Mac net sales decreased 27% or $10.8 billion during 2023 compared to 2022 due primarily to lower net sales of laptops.,,false,AI reviewer omission,Plausible extracted event omitted from a deliberately selective AI pass; human adjudication required.
event-072,ee03-aapl-0000320193-23-000106,,,,,,,AI_REVIEW_MISSING,demand_weakness,"iPad iPad net sales decreased 3% or $1.0 billion during 2023 compared to 2022 due primarily to lower net sales of iPad mini and iPad Air, partially offset by the combined net sales of iPad 9th and 10th generation.",,false,AI reviewer omission,Plausible extracted event omitted from a deliberately selective AI pass; human adjudication required.
event-073,ee03-aapl-0000320193-23-000106,,,,,,,AI_REVIEW_MISSING,demand_weakness,"Wearables, Home and Accessories Wearables, Home and Accessories net sales decreased 3% or $1.4 billion during 2023 compared to 2022 due primarily to lower net sales of Wearables and Accessories.",,false,AI reviewer omission,Plausible extracted event omitted from a deliberately selective AI pass; human adjudication required.
event-074,ee03-aapl-0000320193-23-000106,,,,,,,AI_REVIEW_MISSING,growth_language,Services Services net sales increased 9% or $7.1 billion during 2023 compared to 2022 due to higher net sales across all lines of business.,,false,AI reviewer omission,Plausible extracted event omitted from a deliberately selective AI pass; human adjudication required.
event-075,ee03-aapl-0000320193-23-000106,,,,,,,AI_REVIEW_MISSING,cost_reduction,"Products gross margin percentage increased during 2023 compared to 2022 due to cost savings and a different Products mix, partially offset by the weakness in foreign currencies relative to the U.S.",,false,AI reviewer omission,Plausible extracted event omitted from a deliberately selective AI pass; human adjudication required.
event-076,ee03-ba-0000012927-23-000007,,,,,,,AI_REVIEW_MISSING,cost_reduction,We are focused on improving our products and processes and continuing cost reduction efforts.,,false,AI reviewer omission,Plausible extracted event omitted from a deliberately selective AI pass; human adjudication required.
event-077,ee03-ba-0000012927-23-000007,,,,,,,AI_REVIEW_MISSING,supply_chain_constraint,"We and our suppliers are experiencing supply chain disruptions as a result of the lingering impacts of COVID-19, global supply chain constraints, and labor instability.",,false,AI reviewer omission,Plausible extracted event omitted from a deliberately selective AI pass; human adjudication required.
event-078,ee03-ba-0000012927-23-000007,,,,,,,AI_REVIEW_MISSING,supply_chain_constraint,"Many of our suppliers are experiencing inflationary pressures, as well as disruptions due to the lingering impacts of COVID-19, global supply chain constraints, and labor instability.",,false,AI reviewer omission,Plausible extracted event omitted from a deliberately selective AI pass; human adjudication required.
event-079,ee03-ba-0000012927-23-000007,,,,,,,AI_REVIEW_MISSING,operational_disruption,"We believe we have sufficient material and parts to avoid production disruptions in the near-term, but future impacts to our production from disruptions in our supply chain are possible.",,false,AI reviewer omission,Plausible extracted event omitted from a deliberately selective AI pass; human adjudication required.
event-080,ee03-ba-0000012927-23-000007,,,,,,,AI_REVIEW_MISSING,operational_disruption,"We continue to experience near-term production disruptions and inefficiencies due to supplier disruption, labor instability and factory performance.",,false,AI reviewer omission,Plausible extracted event omitted from a deliberately selective AI pass; human adjudication required.
event-081,ee03-ba-0000012927-23-000007,,,,,,,AI_REVIEW_MISSING,transformation,"We are focused on improving our products and services and continuing our business transformation efforts, which enhances our ability to compete and positions us for market recovery.",,false,AI reviewer omission,Plausible extracted event omitted from a deliberately selective AI pass; human adjudication required.
event-082,ee03-ba-0000012927-23-000007,,,,,,,AI_REVIEW_MISSING,supply_chain_constraint,The increase was primarily driven by a decision in the fourth quarter of 2022 to slow down near-term production due to supply chain constraints and increased inspection and rework costs.,,false,AI reviewer omission,Plausible extracted event omitted from a deliberately selective AI pass; human adjudication required.
event-083,ee03-ba-0000012927-23-000007,,,,,,,AI_REVIEW_MISSING,growth_language,Continued access to global markets remains vital to our ability to fully realize our sales growth potential and long-term investment returns.,,false,AI reviewer omission,Plausible extracted event omitted from a deliberately selective AI pass; human adjudication required.
event-084,ee03-ba-0000012927-23-000007,,,,,,,AI_REVIEW_MISSING,refinancing,"(Dollars in millions) Total Amounts Committed/Maximum Amount of Loss Less than 1 year 1-3 years 4-5 years After 5 years Standby letters of credit and surety bonds $5,070 $3,859 $1,036 $10 $165 Commercial aircraft financing commitments 16,105 3,084 5,989 4,075 2,957 Total commercial commitments $21,175 $6,943 $7,025 $4,085 $3,122 Commercial aircraft financing commitments include commitments to provide financing related to aircraft on order, under option for deliveries or proposed as part of sales campaigns or refinancing with respect to delivered aircraft, based on estimated earliest potential funding dates.",,false,AI reviewer omission,Plausible extracted event omitted from a deliberately selective AI pass; human adjudication required.
event-085,ee03-ba-0000012927-23-000007,,,,,,,AI_REVIEW_MISSING,refinancing,"84 Table of Contents Financing Commitments Financing commitments related to aircraft on order, including options and those proposed in sales campaigns, and refinancing of delivered aircraft, totaled $ 16,105 and $ 12,905 as of December 31, 2022 and 2021.",,false,AI reviewer omission,Plausible extracted event omitted from a deliberately selective AI pass; human adjudication required.
event-086,ee03-ba-0000012927-23-000007,,,,,,,AI_REVIEW_MISSING,supply_chain_constraint,"During the year ended December 31, 2022, we increased the reach-forward loss on the KC-46A Tanker program by $ 1,374 primarily reflecting higher production and supply chain costs partially driven by labor instability and supply chain disruption, most of which was recorded during the third quarter of 2022.",,false,AI reviewer omission,Plausible extracted event omitted from a deliberately selective AI pass; human adjudication required.
event-087,ee03-ba-0000012927-23-000007,,,,,,,AI_REVIEW_MISSING,supply_chain_constraint,The increase in production costs was primarily driven by factory unit time performance expectations that assume continued production disruption due to labor instability and supply chain disruption.,,false,AI reviewer omission,Plausible extracted event omitted from a deliberately selective AI pass; human adjudication required.
event-088,ee03-ba-0000012927-23-000007,,,,,,,AI_REVIEW_MISSING,operational_disruption,The increase in production costs was primarily driven by factory unit time performance expectations that assume continued production disruption due to labor instability and supply chain disruption.,,false,AI reviewer omission,Plausible extracted event omitted from a deliberately selective AI pass; human adjudication required.
event-089,ee03-ba-0000012927-23-000007,,,,,,,AI_REVIEW_MISSING,supply_chain_constraint,"We increased the estimated reach-forward loss by $ 552 during the year ended December 31, 2022 primarily driven by ongoing supply chain negotiations (which are impacted by supply chain constraints and inflationary pressures), and design revisions, as well as an increase in the number of expected units in the initial production lots.",,false,AI reviewer omission,Plausible extracted event omitted from a deliberately selective AI pass; human adjudication required.
event-090,ee03-ba-0000012927-23-000007,,,,,,,AI_REVIEW_MISSING,supply_chain_constraint,"The ongoing effects of macroeconomic challenges, including supply chain disruption, labor shortages, and inflationary pressures compound these complexities and related financial risks.",,false,AI reviewer omission,Plausible extracted event omitted from a deliberately selective AI pass; human adjudication required.
event-091,ee03-ba-0000012927-23-000007,,,,,,,AI_REVIEW_MISSING,labour_constraint,"The ongoing effects of macroeconomic challenges, including supply chain disruption, labor shortages, and inflationary pressures compound these complexities and related financial risks.",,false,AI reviewer omission,Plausible extracted event omitted from a deliberately selective AI pass; human adjudication required.
event-092,ee03-ba-0000012927-23-000007,,,,,,,AI_REVIEW_MISSING,supply_chain_constraint,"• We evaluated the reasonableness of judgments made and significant assumptions used by management relating to key cost and schedule estimates, including the effects of supply chain disruptions, labor shortages, and inflationary pressures.",,false,AI reviewer omission,Plausible extracted event omitted from a deliberately selective AI pass; human adjudication required.
event-093,ee03-ba-0000012927-23-000007,,,,,,,AI_REVIEW_MISSING,labour_constraint,"• We evaluated the reasonableness of judgments made and significant assumptions used by management relating to key cost and schedule estimates, including the effects of supply chain disruptions, labor shortages, and inflationary pressures.",,false,AI reviewer omission,Plausible extracted event omitted from a deliberately selective AI pass; human adjudication required.
event-094,ee03-ba-0000012927-23-000007,,,,,,,AI_REVIEW_MISSING,supply_chain_constraint,"Program Accounting Revenue Estimates for the 787 Program — Refer to Notes 1, 7, and 22 to the financial statements Critical Audit Matter Description Production quality issues and supply chain disruption for the 787 program have resulted in increased risk associated with forecasted revenue estimates primarily due to the difficulty in assessing the value of consideration expected to be provided to customers as a result of delivery delays.",,false,AI reviewer omission,Plausible extracted event omitted from a deliberately selective AI pass; human adjudication required.
event-095,ee03-ba-0000012927-23-000007,,,,,,,AI_REVIEW_MISSING,supply_chain_constraint,"How the Critical Audit Matter Was Addressed in the Audit Our audit procedures related to the estimated revenues for the 787 program included the following, among others: • We inquired of management, including operational and supply chain leadership, to assess the assumptions related to the supply chain disruption impacts on the delivery schedule and the estimated timeline for completion of rework.",,false,AI reviewer omission,Plausible extracted event omitted from a deliberately selective AI pass; human adjudication required.
event-096,ee03-ba-0000012927-23-000007,,,,,,,AI_REVIEW_MISSING,supply_chain_constraint,"• We evaluated the appropriateness and consistency of management’s method used in developing the delivery schedule assumptions, including the impact of production quality issues and supply chain disruption.",,false,AI reviewer omission,Plausible extracted event omitted from a deliberately selective AI pass; human adjudication required.
event-097,ee03-aapl-0000320193-24-000081,,,,,,,AI_REVIEW_MISSING,growth_language,"Year-over-year Americas net sales increased during the first nine months of 2024 due primarily to higher net sales of Services, partially offset by lower net sales of iPhone and Wearables, Home and Accessories.",,false,AI reviewer omission,Plausible extracted event omitted from a deliberately selective AI pass; human adjudication required.
event-098,ee03-aapl-0000320193-24-000081,,,,,,,AI_REVIEW_MISSING,growth_language,Europe Europe net sales increased during the third quarter of 2024 compared to the third quarter of 2023 due primarily to higher net sales of Services and iPad.,,false,AI reviewer omission,Plausible extracted event omitted from a deliberately selective AI pass; human adjudication required.
event-099,ee03-aapl-0000320193-24-000081,,,,,,,AI_REVIEW_MISSING,demand_weakness,Greater China Greater China net sales decreased during the third quarter of 2024 compared to the third quarter of 2023 due primarily to lower net sales of iPhone.,,false,AI reviewer omission,Plausible extracted event omitted from a deliberately selective AI pass; human adjudication required.
event-100,ee03-aapl-0000320193-24-000081,,,,,,,AI_REVIEW_MISSING,growth_language,"Rest of Asia Pacific Rest of Asia Pacific net sales increased during the third quarter of 2024 compared to the third quarter of 2023 due primarily to higher net sales of Services, iPhone and iPad.",,false,AI reviewer omission,Plausible extracted event omitted from a deliberately selective AI pass; human adjudication required.
event-101,ee03-aapl-0000320193-24-000081,,,,,,,AI_REVIEW_MISSING,demand_weakness,"Year-over-year iPad net sales decreased during the first nine months of 2024 due primarily to lower net sales of iPad 9th generation and iPad Pro, partially offset by higher net sales of iPad 10th generation.",,false,AI reviewer omission,Plausible extracted event omitted from a deliberately selective AI pass; human adjudication required.
event-102,ee03-aapl-0000320193-24-000081,,,,,,,AI_REVIEW_MISSING,demand_weakness,"Wearables, Home and Accessories Wearables, Home and Accessories net sales decreased during the third quarter of 2024 compared to the third quarter of 2023 due primarily to lower net sales of Wearables.",,false,AI reviewer omission,Plausible extracted event omitted from a deliberately selective AI pass; human adjudication required.
event-103,ee03-aapl-0000320193-24-000081,,,,,,,AI_REVIEW_MISSING,demand_weakness,"Year-over-year Wearables, Home and Accessories net sales decreased during the first nine months of 2024 due primarily to lower net sales of Wearables and Accessories.",,false,AI reviewer omission,Plausible extracted event omitted from a deliberately selective AI pass; human adjudication required.
event-104,ee03-aapl-0000320193-24-000081,,,,,,,AI_REVIEW_MISSING,growth_language,"Services Services net sales increased during the third quarter and first nine months of 2024 compared to the same periods in 2023 due primarily to higher net sales from advertising, the App Store ® and cloud services.",,false,AI reviewer omission,Plausible extracted event omitted from a deliberately selective AI pass; human adjudication required.
event-105,ee03-aapl-0000320193-24-000081,,,,,,,AI_REVIEW_MISSING,cost_reduction,"Year-over-year Products gross margin percentage increased during the first nine months of 2024 due primarily to cost savings, partially offset by a different Products mix and the weakness in foreign currencies relative to the U.S.",,false,AI reviewer omission,Plausible extracted event omitted from a deliberately selective AI pass; human adjudication required.
