occasion_id,company,ticker,stable_id,dataset_partition,cutoff,required_evidence_categories,sources_attempted,sources_successfully_captured,sources_unavailable,extraction_status,manual_scoring_status,feature_ready,exclusion_reason,evidence_completeness_status
rv2-ALU-2020-12-31,Alumasc Group,ALU,gb-alu,validation,2020-12-31,annual_report_or_approved_primary_disclosure,https://www.annualreports.com/HostedData/AnnualReportArchive/a/LSE_ALU_2019.pdf,https://www.annualreports.com/HostedData/AnnualReportArchive/a/LSE_ALU_2019.pdf,,complete,complete,yes,,evidence_complete_prediction_eligible
rv2-ALU-2022-12-31,Alumasc Group,ALU,gb-alu,validation,2022-12-31,annual_report_or_approved_primary_disclosure,https://www.annualreports.com/HostedData/AnnualReportArchive/a/LSE_ALU_2021.pdf,https://www.annualreports.com/HostedData/AnnualReportArchive/a/LSE_ALU_2021.pdf,,complete,complete,yes,,evidence_complete_prediction_eligible
rv2-ALU-2024-12-31,Alumasc Group,ALU,gb-alu,holdout,2024-12-31,annual_report_or_approved_primary_disclosure,https://www.annualreports.com/HostedData/AnnualReportArchive/a/LSE_ALU_2023.pdf,https://www.annualreports.com/HostedData/AnnualReportArchive/a/LSE_ALU_2023.pdf,,complete,complete,yes,,evidence_complete_prediction_eligible
rv2-AUK-2020-12-31,Aukett Swanke Group,AUK,gb-auk,validation,2020-12-31,annual_report_or_approved_primary_disclosure,https://www.annualreports.com/HostedData/AnnualReportArchive/a/LSE_AUK_2019.pdf,https://www.annualreports.com/HostedData/AnnualReportArchive/a/LSE_AUK_2019.pdf,,complete,complete,yes,,evidence_complete_prediction_eligible
rv2-AUK-2022-12-31,Aukett Swanke Group,AUK,gb-auk,validation,2022-12-31,annual_report_or_approved_primary_disclosure,https://www.annualreports.com/HostedData/AnnualReportArchive/a/LSE_AUK_2021.pdf,https://www.annualreports.com/HostedData/AnnualReportArchive/a/LSE_AUK_2021.pdf,,complete,complete,yes,,evidence_complete_prediction_eligible
rv2-AUK-2024-12-31,Aukett Swanke Group,AUK,gb-auk,holdout,2024-12-31,annual_report_or_approved_primary_disclosure,https://www.annualreports.com/HostedData/AnnualReportArchive/a/LSE_AUK_2023.pdf | https://www.annualreports.com/HostedData/AnnualReportArchive/a/LSE_AUK.L_2023.pdf,,https://www.annualreports.com/HostedData/AnnualReportArchive/a/LSE_AUK_2023.pdf [retrieval_failed: <urlopen error timed out>] | https://www.annualreports.com/HostedData/AnnualReportArchive/a/LSE_AUK.L_2023.pdf [retrieval_failed: <urlopen error timed out>],not_started,not_started,no,,technically_unavailable_pending_resolution
rv2-AVG-2020-12-31,Avingtrans,AVG,gb-avg,validation,2020-12-31,annual_report_or_approved_primary_disclosure,https://www.annualreports.com/HostedData/AnnualReportArchive/a/LSE_AVG_2019.pdf,https://www.annualreports.com/HostedData/AnnualReportArchive/a/LSE_AVG_2019.pdf,,complete,complete,yes,,evidence_complete_prediction_eligible
rv2-AVG-2022-12-31,Avingtrans,AVG,gb-avg,validation,2022-12-31,annual_report_or_approved_primary_disclosure,https://www.annualreports.com/HostedData/AnnualReportArchive/a/LSE_AVG_2021.pdf,https://www.annualreports.com/HostedData/AnnualReportArchive/a/LSE_AVG_2021.pdf,,complete,complete,yes,,evidence_complete_prediction_eligible
rv2-AVG-2024-12-31,Avingtrans,AVG,gb-avg,holdout,2024-12-31,annual_report_or_approved_primary_disclosure,https://www.annualreports.com/HostedData/AnnualReportArchive/a/LSE_AVG_2023.pdf,https://www.annualreports.com/HostedData/AnnualReportArchive/a/LSE_AVG_2023.pdf,,complete,complete,yes,,evidence_complete_prediction_eligible
rv2-AVON-2020-12-31,Avon Technologies,AVON,gb-avon,validation,2020-12-31,annual_report_or_approved_primary_disclosure,https://www.annualreports.com/HostedData/AnnualReportArchive/a/LSE_AVON_2019.pdf,https://www.annualreports.com/HostedData/AnnualReportArchive/a/LSE_AVON_2019.pdf,,complete,complete,yes,,evidence_complete_prediction_eligible
rv2-AVON-2022-12-31,Avon Technologies,AVON,gb-avon,validation,2022-12-31,annual_report_or_approved_primary_disclosure,https://www.annualreports.com/HostedData/AnnualReportArchive/a/LSE_AVON_2021.pdf,https://www.annualreports.com/HostedData/AnnualReportArchive/a/LSE_AVON_2021.pdf,,complete,complete,yes,,evidence_complete_prediction_eligible
rv2-AVON-2024-12-31,Avon Technologies,AVON,gb-avon,holdout,2024-12-31,annual_report_or_approved_primary_disclosure,https://www.annualreports.com/HostedData/AnnualReportArchive/a/LSE_AVON_2023.pdf,https://www.annualreports.com/HostedData/AnnualReportArchive/a/LSE_AVON_2023.pdf,,complete,complete,yes,,evidence_complete_prediction_eligible
rv2-BA.-2020-12-31,BAE Systems,BA.,gb-ba,validation,2020-12-31,annual_report_or_approved_primary_disclosure,https://www.annualreports.com/HostedData/AnnualReportArchive/b/LSE_BA_2019.pdf,https://www.annualreports.com/HostedData/AnnualReportArchive/b/LSE_BA_2019.pdf,,complete,complete,yes,,evidence_complete_prediction_eligible
rv2-BA.-2022-12-31,BAE Systems,BA.,gb-ba,validation,2022-12-31,annual_report_or_approved_primary_disclosure,https://www.annualreports.com/HostedData/AnnualReportArchive/b/LSE_BA_2021.pdf,https://www.annualreports.com/HostedData/AnnualReportArchive/b/LSE_BA_2021.pdf,,complete,complete,yes,,evidence_complete_prediction_eligible
rv2-BA.-2024-12-31,BAE Systems,BA.,gb-ba,holdout,2024-12-31,annual_report_or_approved_primary_disclosure,https://www.annualreports.com/HostedData/AnnualReportArchive/b/LSE_BA_2023.pdf,https://www.annualreports.com/HostedData/AnnualReportArchive/b/LSE_BA_2023.pdf,,complete,complete,yes,,evidence_complete_prediction_eligible
rv2-BBY-2020-12-31,Balfour Beatty,BBY,gb-bby,validation,2020-12-31,annual_report_or_approved_primary_disclosure,https://www.annualreports.com/HostedData/AnnualReportArchive/b/LSE_BBY_2019.pdf,https://www.annualreports.com/HostedData/AnnualReportArchive/b/LSE_BBY_2019.pdf,,complete,complete,yes,,evidence_complete_prediction_eligible
rv2-BBY-2022-12-31,Balfour Beatty,BBY,gb-bby,validation,2022-12-31,annual_report_or_approved_primary_disclosure,https://www.annualreports.com/HostedData/AnnualReportArchive/b/LSE_BBY_2021.pdf,https://www.annualreports.com/HostedData/AnnualReportArchive/b/LSE_BBY_2021.pdf,,complete,complete,yes,,evidence_complete_prediction_eligible
rv2-BBY-2024-12-31,Balfour Beatty,BBY,gb-bby,holdout,2024-12-31,annual_report_or_approved_primary_disclosure,https://www.annualreports.com/HostedData/AnnualReportArchive/b/LSE_BBY_2023.pdf,https://www.annualreports.com/HostedData/AnnualReportArchive/b/LSE_BBY_2023.pdf,,complete,complete,yes,,evidence_complete_prediction_eligible
rv2-BNZL-2020-12-31,Bunzl,BNZL,gb-bnzl,validation,2020-12-31,annual_report_or_approved_primary_disclosure,https://www.annualreports.com/HostedData/AnnualReportArchive/b/LSE_BNZL_2019.pdf,https://www.annualreports.com/HostedData/AnnualReportArchive/b/LSE_BNZL_2019.pdf,,complete,complete,yes,,evidence_complete_prediction_eligible
rv2-BNZL-2022-12-31,Bunzl,BNZL,gb-bnzl,validation,2022-12-31,annual_report_or_approved_primary_disclosure,https://www.annualreports.com/HostedData/AnnualReportArchive/b/LSE_BNZL_2021.pdf,https://www.annualreports.com/HostedData/AnnualReportArchive/b/LSE_BNZL_2021.pdf,,complete,complete,yes,,evidence_complete_prediction_eligible
rv2-BNZL-2024-12-31,Bunzl,BNZL,gb-bnzl,holdout,2024-12-31,annual_report_or_approved_primary_disclosure,https://www.annualreports.com/HostedData/AnnualReportArchive/b/LSE_BNZL_2023.pdf,https://www.annualreports.com/HostedData/AnnualReportArchive/b/LSE_BNZL_2023.pdf,,complete,complete,yes,,evidence_complete_prediction_eligible
rv2-BOY-2020-12-31,Bodycote,BOY,gb-boy,validation,2020-12-31,annual_report_or_approved_primary_disclosure,https://www.annualreports.com/HostedData/AnnualReportArchive/b/LSE_BOY.L_2019.pdf,https://www.annualreports.com/HostedData/AnnualReportArchive/b/LSE_BOY.L_2019.pdf,,complete,complete,yes,,evidence_complete_prediction_eligible
rv2-BOY-2022-12-31,Bodycote,BOY,gb-boy,validation,2022-12-31,annual_report_or_approved_primary_disclosure,https://www.annualreports.com/HostedData/AnnualReportArchive/b/LSE_BOY_2021.pdf,https://www.annualreports.com/HostedData/AnnualReportArchive/b/LSE_BOY_2021.pdf,,complete,complete,yes,,evidence_complete_prediction_eligible
rv2-BOY-2024-12-31,Bodycote,BOY,gb-boy,holdout,2024-12-31,annual_report_or_approved_primary_disclosure,https://www.annualreports.com/HostedData/AnnualReportArchive/b/LSE_BOY_2023.pdf,https://www.annualreports.com/HostedData/AnnualReportArchive/b/LSE_BOY_2023.pdf,,complete,complete,yes,,evidence_complete_prediction_eligible
rv2-BRCK-2020-12-31,Brickability Group,BRCK,gb-brck,validation,2020-12-31,annual_report_or_approved_primary_disclosure,https://www.annualreports.com/HostedData/AnnualReportArchive/b/LSE_BRCK.L_2019.pdf,https://www.annualreports.com/HostedData/AnnualReportArchive/b/LSE_BRCK.L_2019.pdf,,complete,complete,yes,,evidence_complete_prediction_eligible
rv2-BRCK-2022-12-31,Brickability Group,BRCK,gb-brck,validation,2022-12-31,annual_report_or_approved_primary_disclosure,https://www.annualreports.com/HostedData/AnnualReportArchive/b/LSE_BRCK_2021.pdf | https://www.annualreports.com/HostedData/AnnualReportArchive/b/LSE_BRCK.L_2021.pdf,,https://www.annualreports.com/HostedData/AnnualReportArchive/b/LSE_BRCK_2021.pdf [retrieval_failed: <urlopen error timed out>] | https://www.annualreports.com/HostedData/AnnualReportArchive/b/LSE_BRCK.L_2021.pdf [retrieval_failed: <urlopen error timed out>],not_started,not_started,no,,technically_unavailable_pending_resolution
rv2-BRCK-2024-12-31,Brickability Group,BRCK,gb-brck,holdout,2024-12-31,annual_report_or_approved_primary_disclosure,https://www.annualreports.com/HostedData/AnnualReportArchive/b/LSE_BRCK_2023.pdf | https://www.annualreports.com/HostedData/AnnualReportArchive/b/LSE_BRCK.L_2023.pdf,,https://www.annualreports.com/HostedData/AnnualReportArchive/b/LSE_BRCK_2023.pdf [retrieval_failed: <urlopen error timed out>] | https://www.annualreports.com/HostedData/AnnualReportArchive/b/LSE_BRCK.L_2023.pdf [retrieval_failed: <urlopen error timed out>],not_started,not_started,no,,technically_unavailable_pending_resolution
rv2-BREE-2020-12-31,Breedon Group,BREE,gb-bree,validation,2020-12-31,annual_report_or_approved_primary_disclosure,https://www.annualreports.com/HostedData/AnnualReportArchive/b/LSE_BREE_2019.pdf | https://www.annualreports.com/HostedData/AnnualReportArchive/b/LSE_BREE.L_2019.pdf,,,not_started,not_started,no,,source_not_found_pending_alternative
rv2-BREE-2022-12-31,Breedon Group,BREE,gb-bree,validation,2022-12-31,annual_report_or_approved_primary_disclosure,https://www.annualreports.com/HostedData/AnnualReportArchive/b/LSE_BREE_2021.pdf | https://www.annualreports.com/HostedData/AnnualReportArchive/b/LSE_BREE.L_2021.pdf,,,not_started,not_started,no,,source_not_found_pending_alternative
rv2-BREE-2024-12-31,Breedon Group,BREE,gb-bree,holdout,2024-12-31,annual_report_or_approved_primary_disclosure,https://www.annualreports.com/HostedData/AnnualReportArchive/b/LSE_BREE_2023.pdf | https://www.annualreports.com/HostedData/AnnualReportArchive/b/LSE_BREE.L_2023.pdf,,,not_started,not_started,no,,source_not_found_pending_alternative
rv2-BYIT-2020-12-31,Bytes Technology Group,BYIT,gb-byit,validation,2020-12-31,annual_report_or_approved_primary_disclosure,https://www.annualreports.com/HostedData/AnnualReportArchive/b/LSE_BYIT_2019.pdf | https://www.annualreports.com/HostedData/AnnualReportArchive/b/LSE_BYIT.L_2019.pdf,,,not_started,not_started,no,,source_not_found_pending_alternative
rv2-BYIT-2022-12-31,Bytes Technology Group,BYIT,gb-byit,validation,2022-12-31,annual_report_or_approved_primary_disclosure,https://www.annualreports.com/HostedData/AnnualReportArchive/b/LSE_BYIT_2021.pdf | https://www.annualreports.com/HostedData/AnnualReportArchive/b/LSE_BYIT.L_2021.pdf,,,not_started,not_started,no,,source_not_found_pending_alternative
rv2-BYIT-2024-12-31,Bytes Technology Group,BYIT,gb-byit,holdout,2024-12-31,annual_report_or_approved_primary_disclosure,https://www.annualreports.com/HostedData/AnnualReportArchive/b/LSE_BYIT_2023.pdf | https://www.annualreports.com/HostedData/AnnualReportArchive/b/LSE_BYIT.L_2023.pdf,,,not_started,not_started,no,,source_not_found_pending_alternative
rv2-CCC-2020-12-31,Computacenter,CCC,gb-ccc,validation,2020-12-31,annual_report_or_approved_primary_disclosure,https://www.annualreports.com/HostedData/AnnualReportArchive/c/LSE_CCC_2019.pdf | https://www.annualreports.com/HostedData/AnnualReportArchive/c/LSE_CCC.L_2019.pdf,,,not_started,not_started,no,,source_not_found_pending_alternative
rv2-CCC-2022-12-31,Computacenter,CCC,gb-ccc,validation,2022-12-31,annual_report_or_approved_primary_disclosure,https://www.annualreports.com/HostedData/AnnualReportArchive/c/LSE_CCC_2021.pdf | https://www.annualreports.com/HostedData/AnnualReportArchive/c/LSE_CCC.L_2021.pdf,,,not_started,not_started,no,,source_not_found_pending_alternative
rv2-CCC-2024-12-31,Computacenter,CCC,gb-ccc,holdout,2024-12-31,annual_report_or_approved_primary_disclosure,https://www.annualreports.com/HostedData/AnnualReportArchive/c/LSE_CCC_2023.pdf | https://www.annualreports.com/HostedData/AnnualReportArchive/c/LSE_CCC.L_2023.pdf,,,not_started,not_started,no,,source_not_found_pending_alternative
rv2-CGS-2020-12-31,Castings,CGS,gb-cgs,validation,2020-12-31,annual_report_or_approved_primary_disclosure,https://www.annualreports.com/HostedData/AnnualReportArchive/c/LSE_CGS_2019.pdf | https://www.annualreports.com/HostedData/AnnualReportArchive/c/LSE_CGS.L_2019.pdf,,,not_started,not_started,no,,source_not_found_pending_alternative
rv2-CGS-2022-12-31,Castings,CGS,gb-cgs,validation,2022-12-31,annual_report_or_approved_primary_disclosure,https://www.annualreports.com/HostedData/AnnualReportArchive/c/LSE_CGS_2021.pdf | https://www.annualreports.com/HostedData/AnnualReportArchive/c/LSE_CGS.L_2021.pdf,,,not_started,not_started,no,,source_not_found_pending_alternative
rv2-CGS-2024-12-31,Castings,CGS,gb-cgs,holdout,2024-12-31,annual_report_or_approved_primary_disclosure,https://www.annualreports.com/HostedData/AnnualReportArchive/c/LSE_CGS_2023.pdf | https://www.annualreports.com/HostedData/AnnualReportArchive/c/LSE_CGS.L_2023.pdf,,,not_started,not_started,no,,source_not_found_pending_alternative
rv2-CHG-2020-12-31,Chemring Group,CHG,gb-chg,validation,2020-12-31,annual_report_or_approved_primary_disclosure,https://www.chemring.com/~/media/Files/C/Chemring-V3/reports/annual-report-2019.pdf,https://www.chemring.com/~/media/Files/C/Chemring-V3/reports/annual-report-2019.pdf,,complete,complete,yes,,evidence_complete_prediction_eligible
rv2-CHG-2022-12-31,Chemring Group,CHG,gb-chg,validation,2022-12-31,annual_report_or_approved_primary_disclosure,https://www.chemring.com/~/media/Files/C/Chemring-V3/docs/chemring-annual-report-and-accounts-2021.pdf,https://www.chemring.com/~/media/Files/C/Chemring-V3/docs/chemring-annual-report-and-accounts-2021.pdf,,complete,complete,yes,,evidence_complete_prediction_eligible
rv2-CHG-2024-12-31,Chemring Group,CHG,gb-chg,holdout,2024-12-31,annual_report_or_approved_primary_disclosure,https://www.chemring.com/~/media/Files/C/Chemring-V3/docs/annual-report-and-accounts-jan-2024.pdf,https://www.chemring.com/~/media/Files/C/Chemring-V3/docs/annual-report-and-accounts-jan-2024.pdf,,complete,complete,yes,,evidence_complete_prediction_eligible
rv2-CHRT-2020-12-31,Cohort,CHRT,gb-chrt,validation,2020-12-31,annual_report_or_approved_primary_disclosure,https://www.annualreports.com/HostedData/AnnualReportArchive/c/LSE_CHRT_2019.pdf | https://www.annualreports.com/HostedData/AnnualReportArchive/c/LSE_CHRT.L_2019.pdf,,,not_started,not_started,no,,source_not_found_pending_alternative
rv2-CHRT-2024-12-31,Cohort,CHRT,gb-chrt,holdout,2024-12-31,annual_report_or_approved_primary_disclosure,https://www.annualreports.com/HostedData/AnnualReportArchive/c/LSE_CHRT_2023.pdf | https://www.annualreports.com/HostedData/AnnualReportArchive/c/LSE_CHRT.L_2023.pdf,,,not_started,not_started,no,,source_not_found_pending_alternative
rv2-CNC-2020-12-31,Concurrent Technologies,CNC,gb-cnc,validation,2020-12-31,annual_report_or_approved_primary_disclosure,https://www.annualreports.com/HostedData/AnnualReportArchive/c/LSE_CNC_2019.pdf | https://www.annualreports.com/HostedData/AnnualReportArchive/c/LSE_CNC.L_2019.pdf,,,not_started,not_started,no,,source_not_found_pending_alternative
rv2-CNC-2022-12-31,Concurrent Technologies,CNC,gb-cnc,validation,2022-12-31,annual_report_or_approved_primary_disclosure,https://www.annualreports.com/HostedData/AnnualReportArchive/c/LSE_CNC_2021.pdf | https://www.annualreports.com/HostedData/AnnualReportArchive/c/LSE_CNC.L_2021.pdf,,,not_started,not_started,no,,source_not_found_pending_alternative
rv2-CNC-2024-12-31,Concurrent Technologies,CNC,gb-cnc,holdout,2024-12-31,annual_report_or_approved_primary_disclosure,https://www.annualreports.com/HostedData/AnnualReportArchive/c/LSE_CNC_2023.pdf | https://www.annualreports.com/HostedData/AnnualReportArchive/c/LSE_CNC.L_2023.pdf,,,not_started,not_started,no,,source_not_found_pending_alternative
rv2-COA-2020-12-31,Coats Group,COA,gb-coa,validation,2020-12-31,annual_report_or_approved_primary_disclosure,https://www.annualreports.com/HostedData/AnnualReportArchive/c/LSE_COA_2019.pdf | https://www.annualreports.com/HostedData/AnnualReportArchive/c/LSE_COA.L_2019.pdf,,https://www.annualreports.com/HostedData/AnnualReportArchive/c/LSE_COA_2019.pdf [retrieval_failed: <urlopen error timed out>] | https://www.annualreports.com/HostedData/AnnualReportArchive/c/LSE_COA.L_2019.pdf [retrieval_failed: <urlopen error timed out>],not_started,not_started,no,,technically_unavailable_pending_resolution
rv2-COA-2022-12-31,Coats Group,COA,gb-coa,validation,2022-12-31,annual_report_or_approved_primary_disclosure,https://cdn.coats.com/wp-content/uploads/Coats_Annual_Report_2021.pdf,https://cdn.coats.com/wp-content/uploads/Coats_Annual_Report_2021.pdf,,complete,complete,yes,,evidence_complete_prediction_eligible
rv2-COA-2024-12-31,Coats Group,COA,gb-coa,holdout,2024-12-31,annual_report_or_approved_primary_disclosure,https://www.annualreports.com/HostedData/AnnualReportArchive/c/LSE_COA_2023.pdf | https://www.annualreports.com/HostedData/AnnualReportArchive/c/LSE_COA.L_2023.pdf,,https://www.annualreports.com/HostedData/AnnualReportArchive/c/LSE_COA_2023.pdf [retrieval_failed: <urlopen error timed out>] | https://www.annualreports.com/HostedData/AnnualReportArchive/c/LSE_COA.L_2023.pdf [retrieval_failed: <urlopen error timed out>],not_started,not_started,no,,technically_unavailable_pending_resolution
rv2-COST-2020-12-31,Costain Group,COST,gb-cost,validation,2020-12-31,annual_report_or_approved_primary_disclosure,https://www.annualreports.com/HostedData/AnnualReportArchive/c/LSE_COST_2019.pdf | https://www.annualreports.com/HostedData/AnnualReportArchive/c/LSE_COST.L_2019.pdf,,,not_started,not_started,no,,source_not_found_pending_alternative
rv2-COST-2022-12-31,Costain Group,COST,gb-cost,validation,2022-12-31,annual_report_or_approved_primary_disclosure,https://www.annualreports.com/HostedData/AnnualReportArchive/c/LSE_COST_2021.pdf | https://www.annualreports.com/HostedData/AnnualReportArchive/c/LSE_COST.L_2021.pdf,,,not_started,not_started,no,,source_not_found_pending_alternative
rv2-COST-2024-12-31,Costain Group,COST,gb-cost,holdout,2024-12-31,annual_report_or_approved_primary_disclosure,https://www.annualreports.com/HostedData/AnnualReportArchive/c/LSE_COST_2023.pdf | https://www.annualreports.com/HostedData/AnnualReportArchive/c/LSE_COST.L_2023.pdf,,,not_started,not_started,no,,source_not_found_pending_alternative
rv2-CPI-2020-12-31,Capita,CPI,gb-cpi,validation,2020-12-31,annual_report_or_approved_primary_disclosure,https://www.annualreports.com/HostedData/AnnualReportArchive/c/LSE_CPI_2019.pdf | https://www.annualreports.com/HostedData/AnnualReportArchive/c/LSE_CPI.L_2019.pdf,,,not_started,not_started,no,,source_not_found_pending_alternative
rv2-CPI-2022-12-31,Capita,CPI,gb-cpi,validation,2022-12-31,annual_report_or_approved_primary_disclosure,https://www.annualreports.com/HostedData/AnnualReportArchive/c/LSE_CPI_2021.pdf | https://www.annualreports.com/HostedData/AnnualReportArchive/c/LSE_CPI.L_2021.pdf,,,not_started,not_started,no,,source_not_found_pending_alternative
rv2-CPI-2024-12-31,Capita,CPI,gb-cpi,holdout,2024-12-31,annual_report_or_approved_primary_disclosure,https://www.annualreports.com/HostedData/AnnualReportArchive/c/LSE_CPI_2023.pdf | https://www.annualreports.com/HostedData/AnnualReportArchive/c/LSE_CPI.L_2023.pdf,,https://www.annualreports.com/HostedData/AnnualReportArchive/c/LSE_CPI_2023.pdf [retrieval_failed: <urlopen error timed out>] | https://www.annualreports.com/HostedData/AnnualReportArchive/c/LSE_CPI.L_2023.pdf [retrieval_failed: <urlopen error timed out>],not_started,not_started,no,,technically_unavailable_pending_resolution
rv2-CRPR-2020-12-31,James Cropper,CRPR,gb-crpr,validation,2020-12-31,annual_report_or_approved_primary_disclosure,https://www.annualreports.com/HostedData/AnnualReportArchive/c/LSE_CRPR_2019.pdf | https://www.annualreports.com/HostedData/AnnualReportArchive/c/LSE_CRPR.L_2019.pdf,,https://www.annualreports.com/HostedData/AnnualReportArchive/c/LSE_CRPR_2019.pdf [retrieval_failed: <urlopen error timed out>] | https://www.annualreports.com/HostedData/AnnualReportArchive/c/LSE_CRPR.L_2019.pdf [retrieval_failed: <urlopen error timed out>],not_started,not_started,no,,technically_unavailable_pending_resolution
rv2-CRPR-2024-12-31,James Cropper,CRPR,gb-crpr,holdout,2024-12-31,annual_report_or_approved_primary_disclosure,https://www.annualreports.com/HostedData/AnnualReportArchive/c/LSE_CRPR_2023.pdf | https://www.annualreports.com/HostedData/AnnualReportArchive/c/LSE_CRPR.L_2023.pdf,,https://www.annualreports.com/HostedData/AnnualReportArchive/c/LSE_CRPR_2023.pdf [retrieval_failed: <urlopen error timed out>] | https://www.annualreports.com/HostedData/AnnualReportArchive/c/LSE_CRPR.L_2023.pdf [retrieval_failed: <urlopen error timed out>],not_started,not_started,no,,technically_unavailable_pending_resolution
rv2-DPLM-2020-12-31,Diploma,DPLM,gb-dplm,validation,2020-12-31,annual_report_or_approved_primary_disclosure,https://www.diplomaplc.com/media/untlk05o/2019-annual-report-accounts.pdf,https://www.diplomaplc.com/media/untlk05o/2019-annual-report-accounts.pdf,,complete,complete,yes,,evidence_complete_prediction_eligible
rv2-DPLM-2022-12-31,Diploma,DPLM,gb-dplm,validation,2022-12-31,annual_report_or_approved_primary_disclosure,https://www.diplomaplc.com/media/yyylursq/diploma_ar21_full.pdf,https://www.diplomaplc.com/media/yyylursq/diploma_ar21_full.pdf,,complete,complete,yes,,evidence_complete_prediction_eligible
rv2-DPLM-2024-12-31,Diploma,DPLM,gb-dplm,holdout,2024-12-31,annual_report_or_approved_primary_disclosure,https://www.diplomaplc.com/media/rkej2axs/diploma_2023-annual-report.pdf,https://www.diplomaplc.com/media/rkej2axs/diploma_2023-annual-report.pdf,,complete,complete,yes,,evidence_complete_prediction_eligible
rv2-DSCV-2020-12-31,discoverIE Group,DSCV,gb-dscv,validation,2020-12-31,annual_report_or_approved_primary_disclosure,https://companiesmarketcap.com/annual-reports/116175.ar.en.2019.pdf,https://companiesmarketcap.com/annual-reports/116175.ar.en.2019.pdf,,complete,complete,yes,,evidence_complete_prediction_eligible
rv2-DSCV-2022-12-31,discoverIE Group,DSCV,gb-dscv,validation,2022-12-31,annual_report_or_approved_primary_disclosure,https://companiesmarketcap.com/annual-reports/116175.ar.en.2021.pdf,https://companiesmarketcap.com/annual-reports/116175.ar.en.2021.pdf,,complete,complete,yes,,evidence_complete_prediction_eligible
rv2-DSCV-2024-12-31,discoverIE Group,DSCV,gb-dscv,holdout,2024-12-31,annual_report_or_approved_primary_disclosure,https://companiesmarketcap.com/annual-reports/116175.ar.en.2023.pdf,https://companiesmarketcap.com/annual-reports/116175.ar.en.2023.pdf,,complete,complete,yes,,evidence_complete_prediction_eligible
rv2-DWHT-2020-12-31,DWHT Holdings,DWHT,gb-dwht,validation,2020-12-31,annual_report_or_approved_primary_disclosure,https://www.annualreports.com/HostedData/AnnualReportArchive/d/LSE_DWHT_2019.pdf | https://www.annualreports.com/HostedData/AnnualReportArchive/d/LSE_DWHT.L_2019.pdf,,https://www.annualreports.com/HostedData/AnnualReportArchive/d/LSE_DWHT_2019.pdf [retrieval_failed: <urlopen error timed out>] | https://www.annualreports.com/HostedData/AnnualReportArchive/d/LSE_DWHT.L_2019.pdf [retrieval_failed: <urlopen error timed out>],not_started,not_started,no,,technically_unavailable_pending_resolution
rv2-DWHT-2022-12-31,DWHT Holdings,DWHT,gb-dwht,validation,2022-12-31,annual_report_or_approved_primary_disclosure,https://www.annualreports.com/HostedData/AnnualReportArchive/d/LSE_DWHT_2021.pdf | https://www.annualreports.com/HostedData/AnnualReportArchive/d/LSE_DWHT.L_2021.pdf,,https://www.annualreports.com/HostedData/AnnualReportArchive/d/LSE_DWHT_2021.pdf [retrieval_failed: <urlopen error timed out>] | https://www.annualreports.com/HostedData/AnnualReportArchive/d/LSE_DWHT.L_2021.pdf [not_found: HTTP 404],not_started,not_started,no,,technically_unavailable_pending_resolution
rv2-DWHT-2024-12-31,DWHT Holdings,DWHT,gb-dwht,holdout,2024-12-31,annual_report_or_approved_primary_disclosure,https://www.annualreports.com/HostedData/AnnualReportArchive/d/LSE_DWHT_2023.pdf | https://www.annualreports.com/HostedData/AnnualReportArchive/d/LSE_DWHT.L_2023.pdf,,https://www.annualreports.com/HostedData/AnnualReportArchive/d/LSE_DWHT_2023.pdf [retrieval_failed: <urlopen error timed out>] | https://www.annualreports.com/HostedData/AnnualReportArchive/d/LSE_DWHT.L_2023.pdf [not_found: HTTP 404],not_started,not_started,no,,technically_unavailable_pending_resolution
rv2-DWL-2020-12-31,Dowlais Group,DWL,gb-dwl,validation,2020-12-31,annual_report_or_approved_primary_disclosure,https://www.annualreports.com/HostedData/AnnualReportArchive/d/LSE_DWL_2019.pdf | https://www.annualreports.com/HostedData/AnnualReportArchive/d/LSE_DWL.L_2019.pdf,,https://www.annualreports.com/HostedData/AnnualReportArchive/d/LSE_DWL_2019.pdf [retrieval_failed: <urlopen error timed out>] | https://www.annualreports.com/HostedData/AnnualReportArchive/d/LSE_DWL.L_2019.pdf [not_found: HTTP 404],not_started,not_started,no,,technically_unavailable_pending_resolution
rv2-DWL-2022-12-31,Dowlais Group,DWL,gb-dwl,validation,2022-12-31,annual_report_or_approved_primary_disclosure,https://www.annualreports.com/HostedData/AnnualReportArchive/d/LSE_DWL_2021.pdf | https://www.annualreports.com/HostedData/AnnualReportArchive/d/LSE_DWL.L_2021.pdf,,https://www.annualreports.com/HostedData/AnnualReportArchive/d/LSE_DWL_2021.pdf [retrieval_failed: <urlopen error timed out>] | https://www.annualreports.com/HostedData/AnnualReportArchive/d/LSE_DWL.L_2021.pdf [not_found: HTTP 404],not_started,not_started,no,,technically_unavailable_pending_resolution
rv2-DWL-2024-12-31,Dowlais Group,DWL,gb-dwl,holdout,2024-12-31,annual_report_or_approved_primary_disclosure,https://www.annualreports.com/HostedData/AnnualReportArchive/d/LSE_DWL_2023.pdf | https://www.annualreports.com/HostedData/AnnualReportArchive/d/LSE_DWL.L_2023.pdf,,https://www.annualreports.com/HostedData/AnnualReportArchive/d/LSE_DWL_2023.pdf [retrieval_failed: HTTP 429] | https://www.annualreports.com/HostedData/AnnualReportArchive/d/LSE_DWL.L_2023.pdf [retrieval_failed: HTTP 429],not_started,not_started,no,,technically_unavailable_pending_resolution
rv2-ELM-2020-12-31,Elementis,ELM,gb-elm,validation,2020-12-31,annual_report_or_approved_primary_disclosure,https://www.annualreports.com/HostedData/AnnualReportArchive/e/LSE_ELM_2019.pdf | https://www.annualreports.com/HostedData/AnnualReportArchive/e/LSE_ELM.L_2019.pdf,,https://www.annualreports.com/HostedData/AnnualReportArchive/e/LSE_ELM_2019.pdf [retrieval_failed: HTTP 429] | https://www.annualreports.com/HostedData/AnnualReportArchive/e/LSE_ELM.L_2019.pdf [retrieval_failed: The read operation timed out],not_started,not_started,no,,technically_unavailable_pending_resolution
rv2-ELM-2024-12-31,Elementis,ELM,gb-elm,holdout,2024-12-31,annual_report_or_approved_primary_disclosure,https://www.annualreports.com/HostedData/AnnualReportArchive/e/LSE_ELM_2023.pdf | https://www.annualreports.com/HostedData/AnnualReportArchive/e/LSE_ELM.L_2023.pdf,,https://www.annualreports.com/HostedData/AnnualReportArchive/e/LSE_ELM_2023.pdf [retrieval_failed: HTTP 429] | https://www.annualreports.com/HostedData/AnnualReportArchive/e/LSE_ELM.L_2023.pdf [retrieval_failed: <urlopen error timed out>],not_started,not_started,no,,technically_unavailable_pending_resolution
rv2-EMR-2020-12-31,Empresaria Group,EMR,gb-emr,validation,2020-12-31,annual_report_or_approved_primary_disclosure,https://www.annualreports.com/HostedData/AnnualReportArchive/e/LSE_EMR_2019.pdf | https://www.annualreports.com/HostedData/AnnualReportArchive/e/LSE_EMR.L_2019.pdf,,https://www.annualreports.com/HostedData/AnnualReportArchive/e/LSE_EMR_2019.pdf [retrieval_failed: HTTP 429] | https://www.annualreports.com/HostedData/AnnualReportArchive/e/LSE_EMR.L_2019.pdf [retrieval_failed: <urlopen error timed out>],not_started,not_started,no,,technically_unavailable_pending_resolution
rv2-EMR-2022-12-31,Empresaria Group,EMR,gb-emr,validation,2022-12-31,annual_report_or_approved_primary_disclosure,https://www.annualreports.com/HostedData/AnnualReportArchive/e/LSE_EMR_2021.pdf | https://www.annualreports.com/HostedData/AnnualReportArchive/e/LSE_EMR.L_2021.pdf,,https://www.annualreports.com/HostedData/AnnualReportArchive/e/LSE_EMR_2021.pdf [retrieval_failed: <urlopen error timed out>] | https://www.annualreports.com/HostedData/AnnualReportArchive/e/LSE_EMR.L_2021.pdf [retrieval_failed: <urlopen error timed out>],not_started,not_started,no,,technically_unavailable_pending_resolution
rv2-EMR-2024-12-31,Empresaria Group,EMR,gb-emr,holdout,2024-12-31,annual_report_or_approved_primary_disclosure,https://www.annualreports.com/HostedData/AnnualReportArchive/e/LSE_EMR_2023.pdf | https://www.annualreports.com/HostedData/AnnualReportArchive/e/LSE_EMR.L_2023.pdf,,https://www.annualreports.com/HostedData/AnnualReportArchive/e/LSE_EMR_2023.pdf [retrieval_failed: <urlopen error timed out>] | https://www.annualreports.com/HostedData/AnnualReportArchive/e/LSE_EMR.L_2023.pdf [retrieval_failed: <urlopen error timed out>],not_started,not_started,no,,technically_unavailable_pending_resolution
rv2-EPWN-2020-12-31,Epwin Group,EPWN,gb-epwn,validation,2020-12-31,annual_report_or_approved_primary_disclosure,https://www.annualreports.com/HostedData/AnnualReportArchive/e/LSE_EPWN_2019.pdf | https://www.annualreports.com/HostedData/AnnualReportArchive/e/LSE_EPWN.L_2019.pdf,,https://www.annualreports.com/HostedData/AnnualReportArchive/e/LSE_EPWN_2019.pdf [retrieval_failed: <urlopen error timed out>] | https://www.annualreports.com/HostedData/AnnualReportArchive/e/LSE_EPWN.L_2019.pdf [retrieval_failed: <urlopen error timed out>],not_started,not_started,no,,technically_unavailable_pending_resolution
rv2-EPWN-2022-12-31,Epwin Group,EPWN,gb-epwn,validation,2022-12-31,annual_report_or_approved_primary_disclosure,https://www.annualreports.com/HostedData/AnnualReportArchive/e/LSE_EPWN_2021.pdf | https://www.annualreports.com/HostedData/AnnualReportArchive/e/LSE_EPWN.L_2021.pdf,,https://www.annualreports.com/HostedData/AnnualReportArchive/e/LSE_EPWN_2021.pdf [retrieval_failed: <urlopen error timed out>] | https://www.annualreports.com/HostedData/AnnualReportArchive/e/LSE_EPWN.L_2021.pdf [retrieval_failed: <urlopen error timed out>],not_started,not_started,no,,technically_unavailable_pending_resolution
rv2-EPWN-2024-12-31,Epwin Group,EPWN,gb-epwn,holdout,2024-12-31,annual_report_or_approved_primary_disclosure,https://www.annualreports.com/HostedData/AnnualReportArchive/e/LSE_EPWN_2023.pdf,https://www.annualreports.com/HostedData/AnnualReportArchive/e/LSE_EPWN_2023.pdf,,complete,complete,yes,,evidence_complete_prediction_eligible
rv2-FAN-2020-12-31,Volution Group,FAN,gb-fan,validation,2020-12-31,annual_report_or_approved_primary_disclosure,https://companiesmarketcap.com/annual-reports/116107.ar.en.2019.pdf,https://companiesmarketcap.com/annual-reports/116107.ar.en.2019.pdf,,complete,complete,yes,,evidence_complete_prediction_eligible
rv2-FAN-2022-12-31,Volution Group,FAN,gb-fan,validation,2022-12-31,annual_report_or_approved_primary_disclosure,https://companiesmarketcap.com/annual-reports/116107.ar.en.2021.pdf,https://companiesmarketcap.com/annual-reports/116107.ar.en.2021.pdf,,complete,complete,yes,,evidence_complete_prediction_eligible
rv2-FAN-2024-12-31,Volution Group,FAN,gb-fan,holdout,2024-12-31,annual_report_or_approved_primary_disclosure,https://companiesmarketcap.com/annual-reports/116107.ar.en.2023.pdf,https://companiesmarketcap.com/annual-reports/116107.ar.en.2023.pdf,,complete,complete,yes,,evidence_complete_prediction_eligible
rv2-FDP-2020-12-31,FD Technologies,FDP,gb-fdp,validation,2020-12-31,annual_report_or_approved_primary_disclosure,https://www.annualreports.com/HostedData/AnnualReportArchive/f/LSE_FDP_2019.pdf,https://www.annualreports.com/HostedData/AnnualReportArchive/f/LSE_FDP_2019.pdf,,complete,complete,yes,,evidence_complete_prediction_eligible
rv2-FDP-2022-12-31,FD Technologies,FDP,gb-fdp,validation,2022-12-31,annual_report_or_approved_primary_disclosure,https://www.annualreports.com/HostedData/AnnualReportArchive/f/LSE_FDP_2021.pdf,https://www.annualreports.com/HostedData/AnnualReportArchive/f/LSE_FDP_2021.pdf,,complete,complete,yes,,evidence_complete_prediction_eligible
rv2-FDP-2024-12-31,FD Technologies,FDP,gb-fdp,holdout,2024-12-31,annual_report_or_approved_primary_disclosure,https://www.annualreports.com/HostedData/AnnualReportArchive/f/LSE_FDP_2023.pdf,https://www.annualreports.com/HostedData/AnnualReportArchive/f/LSE_FDP_2023.pdf,,complete,complete,yes,,evidence_complete_prediction_eligible
rv2-FLO-2020-12-31,Flowtech Fluidpower,FLO,gb-flo,validation,2020-12-31,annual_report_or_approved_primary_disclosure,https://www.annualreports.com/HostedData/AnnualReportArchive/f/LSE_FLO_2019.pdf,https://www.annualreports.com/HostedData/AnnualReportArchive/f/LSE_FLO_2019.pdf,,complete,complete,yes,,evidence_complete_prediction_eligible
rv2-FLO-2022-12-31,Flowtech Fluidpower,FLO,gb-flo,validation,2022-12-31,annual_report_or_approved_primary_disclosure,https://www.annualreports.com/HostedData/AnnualReportArchive/f/LSE_FLO_2021.pdf,https://www.annualreports.com/HostedData/AnnualReportArchive/f/LSE_FLO_2021.pdf,,complete,complete,yes,,evidence_complete_prediction_eligible
rv2-FLO-2024-12-31,Flowtech Fluidpower,FLO,gb-flo,holdout,2024-12-31,annual_report_or_approved_primary_disclosure,https://www.annualreports.com/HostedData/AnnualReportArchive/f/LSE_FLO_2023.pdf,https://www.annualreports.com/HostedData/AnnualReportArchive/f/LSE_FLO_2023.pdf,,complete,complete,yes,,evidence_complete_prediction_eligible
rv2-FORT-2020-12-31,Forterra,FORT,gb-fort,validation,2020-12-31,annual_report_or_approved_primary_disclosure,https://www.annualreports.com/HostedData/AnnualReportArchive/f/LSE_FORT_2019.pdf | https://www.annualreports.com/HostedData/AnnualReportArchive/f/LSE_FORT.L_2019.pdf,,https://www.annualreports.com/HostedData/AnnualReportArchive/f/LSE_FORT_2019.pdf [not_found: HTTP 404] | https://www.annualreports.com/HostedData/AnnualReportArchive/f/LSE_FORT.L_2019.pdf [not_found: HTTP 404],not_started,not_started,no,,source_not_found_pending_alternative
rv2-FORT-2022-12-31,Forterra,FORT,gb-fort,validation,2022-12-31,annual_report_or_approved_primary_disclosure,https://www.annualreports.com/HostedData/AnnualReportArchive/f/LSE_FORT_2021.pdf | https://www.annualreports.com/HostedData/AnnualReportArchive/f/LSE_FORT.L_2021.pdf,,https://www.annualreports.com/HostedData/AnnualReportArchive/f/LSE_FORT_2021.pdf [not_found: HTTP 404] | https://www.annualreports.com/HostedData/AnnualReportArchive/f/LSE_FORT.L_2021.pdf [not_found: HTTP 404],not_started,not_started,no,,source_not_found_pending_alternative
rv2-FORT-2024-12-31,Forterra,FORT,gb-fort,holdout,2024-12-31,annual_report_or_approved_primary_disclosure,https://www.annualreports.com/HostedData/AnnualReportArchive/f/LSE_FORT_2023.pdf | https://www.annualreports.com/HostedData/AnnualReportArchive/f/LSE_FORT.L_2023.pdf,,https://www.annualreports.com/HostedData/AnnualReportArchive/f/LSE_FORT_2023.pdf [not_found: HTTP 404] | https://www.annualreports.com/HostedData/AnnualReportArchive/f/LSE_FORT.L_2023.pdf [not_found: HTTP 404],not_started,not_started,no,,source_not_found_pending_alternative
rv2-FRAN-2020-12-31,Franchise Brands,FRAN,gb-fran,validation,2020-12-31,annual_report_or_approved_primary_disclosure,https://www.annualreports.com/HostedData/AnnualReportArchive/f/LSE_FRAN.L_2019.pdf,https://www.annualreports.com/HostedData/AnnualReportArchive/f/LSE_FRAN.L_2019.pdf,,complete,complete,yes,,evidence_complete_prediction_eligible
rv2-FRAN-2022-12-31,Franchise Brands,FRAN,gb-fran,validation,2022-12-31,annual_report_or_approved_primary_disclosure,https://www.annualreports.com/HostedData/AnnualReportArchive/f/LSE_FRAN_2021.pdf | https://www.annualreports.com/HostedData/AnnualReportArchive/f/LSE_FRAN.L_2021.pdf,,"https://www.annualreports.com/HostedData/AnnualReportArchive/f/LSE_FRAN_2021.pdf [retrieval_failed: <urlopen error [Errno 8] nodename nor servname provided, or not known>] | https://www.annualreports.com/HostedData/AnnualReportArchive/f/LSE_FRAN.L_2021.pdf [not_found: HTTP 404]",not_started,not_started,no,,technically_unavailable_pending_resolution
rv2-FRAN-2024-12-31,Franchise Brands,FRAN,gb-fran,holdout,2024-12-31,annual_report_or_approved_primary_disclosure,https://www.annualreports.com/HostedData/AnnualReportArchive/f/LSE_FRAN_2023.pdf | https://www.annualreports.com/HostedData/AnnualReportArchive/f/LSE_FRAN.L_2023.pdf,,"https://www.annualreports.com/HostedData/AnnualReportArchive/f/LSE_FRAN_2023.pdf [retrieval_failed: <urlopen error [Errno 8] nodename nor servname provided, or not known>] | https://www.annualreports.com/HostedData/AnnualReportArchive/f/LSE_FRAN.L_2023.pdf [not_found: HTTP 404]",not_started,not_started,no,,technically_unavailable_pending_resolution
rv2-FWT-2020-12-31,FW Thorpe,FWT,gb-fwt,validation,2020-12-31,annual_report_or_approved_primary_disclosure,https://www.annualreports.com/HostedData/AnnualReportArchive/f/LSE_FWT_2019.pdf | https://www.annualreports.com/HostedData/AnnualReportArchive/f/LSE_FWT.L_2019.pdf,,"https://www.annualreports.com/HostedData/AnnualReportArchive/f/LSE_FWT_2019.pdf [retrieval_failed: <urlopen error [Errno 8] nodename nor servname provided, or not known>] | https://www.annualreports.com/HostedData/AnnualReportArchive/f/LSE_FWT.L_2019.pdf [not_found: HTTP 404]",not_started,not_started,no,,technically_unavailable_pending_resolution
rv2-FWT-2022-12-31,FW Thorpe,FWT,gb-fwt,validation,2022-12-31,annual_report_or_approved_primary_disclosure,https://www.annualreports.com/HostedData/AnnualReportArchive/f/LSE_FWT_2021.pdf | https://www.annualreports.com/HostedData/AnnualReportArchive/f/LSE_FWT.L_2021.pdf,,https://www.annualreports.com/HostedData/AnnualReportArchive/f/LSE_FWT_2021.pdf [not_found: HTTP 404] | https://www.annualreports.com/HostedData/AnnualReportArchive/f/LSE_FWT.L_2021.pdf [not_found: HTTP 404],not_started,not_started,no,,source_not_found_pending_alternative
rv2-FWT-2024-12-31,FW Thorpe,FWT,gb-fwt,holdout,2024-12-31,annual_report_or_approved_primary_disclosure,https://www.annualreports.com/HostedData/AnnualReportArchive/f/LSE_FWT_2023.pdf | https://www.annualreports.com/HostedData/AnnualReportArchive/f/LSE_FWT.L_2023.pdf,,https://www.annualreports.com/HostedData/AnnualReportArchive/f/LSE_FWT_2023.pdf [not_found: HTTP 404] | https://www.annualreports.com/HostedData/AnnualReportArchive/f/LSE_FWT.L_2023.pdf [not_found: HTTP 404],not_started,not_started,no,,source_not_found_pending_alternative
rv2-GAMA-2020-12-31,Gamma Communications,GAMA,gb-gama,validation,2020-12-31,annual_report_or_approved_primary_disclosure,https://www.annualreports.com/HostedData/AnnualReportArchive/g/LSE_GAMA_2019.pdf | https://www.annualreports.com/HostedData/AnnualReportArchive/g/LSE_GAMA.L_2019.pdf,,"https://www.annualreports.com/HostedData/AnnualReportArchive/g/LSE_GAMA_2019.pdf [retrieval_failed: <urlopen error [Errno 8] nodename nor servname provided, or not known>] | https://www.annualreports.com/HostedData/AnnualReportArchive/g/LSE_GAMA.L_2019.pdf [retrieval_failed: <urlopen error _ssl.c:993: The handshake operation timed out>]",not_started,not_started,no,,technically_unavailable_pending_resolution
rv2-GAMA-2022-12-31,Gamma Communications,GAMA,gb-gama,validation,2022-12-31,annual_report_or_approved_primary_disclosure,https://www.annualreports.com/HostedData/AnnualReportArchive/g/LSE_GAMA_2021.pdf | https://www.annualreports.com/HostedData/AnnualReportArchive/g/LSE_GAMA.L_2021.pdf,,https://www.annualreports.com/HostedData/AnnualReportArchive/g/LSE_GAMA_2021.pdf [retrieval_failed: <urlopen error timed out>] | https://www.annualreports.com/HostedData/AnnualReportArchive/g/LSE_GAMA.L_2021.pdf [retrieval_failed: <urlopen error _ssl.c:993: The handshake operation timed out>],not_started,not_started,no,,technically_unavailable_pending_resolution
rv2-GAMA-2024-12-31,Gamma Communications,GAMA,gb-gama,holdout,2024-12-31,annual_report_or_approved_primary_disclosure,https://www.annualreports.com/HostedData/AnnualReportArchive/g/LSE_GAMA_2023.pdf | https://www.annualreports.com/HostedData/AnnualReportArchive/g/LSE_GAMA.L_2023.pdf,,https://www.annualreports.com/HostedData/AnnualReportArchive/g/LSE_GAMA_2023.pdf [retrieval_failed: <urlopen error _ssl.c:993: The handshake operation timed out>] | https://www.annualreports.com/HostedData/AnnualReportArchive/g/LSE_GAMA.L_2023.pdf [retrieval_failed: <urlopen error _ssl.c:993: The handshake operation timed out>],not_started,not_started,no,,technically_unavailable_pending_resolution
rv2-GBG-2020-12-31,GB Group,GBG,gb-gbg,validation,2020-12-31,annual_report_or_approved_primary_disclosure,https://www.annualreports.com/HostedData/AnnualReportArchive/g/LSE_GBG_2019.pdf | https://www.annualreports.com/HostedData/AnnualReportArchive/g/LSE_GBG.L_2019.pdf,,https://www.annualreports.com/HostedData/AnnualReportArchive/g/LSE_GBG_2019.pdf [retrieval_failed: <urlopen error _ssl.c:993: The handshake operation timed out>] | https://www.annualreports.com/HostedData/AnnualReportArchive/g/LSE_GBG.L_2019.pdf [retrieval_failed: <urlopen error _ssl.c:993: The handshake operation timed out>],not_started,not_started,no,,technically_unavailable_pending_resolution
rv2-GBG-2022-12-31,GB Group,GBG,gb-gbg,validation,2022-12-31,annual_report_or_approved_primary_disclosure,https://www.annualreports.com/HostedData/AnnualReportArchive/g/LSE_GBG_2021.pdf | https://www.annualreports.com/HostedData/AnnualReportArchive/g/LSE_GBG.L_2021.pdf,,https://www.annualreports.com/HostedData/AnnualReportArchive/g/LSE_GBG_2021.pdf [retrieval_failed: <urlopen error _ssl.c:993: The handshake operation timed out>] | https://www.annualreports.com/HostedData/AnnualReportArchive/g/LSE_GBG.L_2021.pdf [retrieval_failed: <urlopen error _ssl.c:993: The handshake operation timed out>],not_started,not_started,no,,technically_unavailable_pending_resolution
rv2-GBG-2024-12-31,GB Group,GBG,gb-gbg,holdout,2024-12-31,annual_report_or_approved_primary_disclosure,https://www.annualreports.com/HostedData/AnnualReportArchive/g/LSE_GBG_2023.pdf | https://www.annualreports.com/HostedData/AnnualReportArchive/g/LSE_GBG.L_2023.pdf,,https://www.annualreports.com/HostedData/AnnualReportArchive/g/LSE_GBG_2023.pdf [retrieval_failed: <urlopen error _ssl.c:993: The handshake operation timed out>] | https://www.annualreports.com/HostedData/AnnualReportArchive/g/LSE_GBG.L_2023.pdf [retrieval_failed: <urlopen error _ssl.c:993: The handshake operation timed out>],not_started,not_started,no,,technically_unavailable_pending_resolution
rv2-GDWN-2020-12-31,Goodwin,GDWN,gb-gdwn,validation,2020-12-31,annual_report_or_approved_primary_disclosure,https://www.annualreports.com/HostedData/AnnualReportArchive/g/LSE_GDWN_2019.pdf | https://www.annualreports.com/HostedData/AnnualReportArchive/g/LSE_GDWN.L_2019.pdf,,https://www.annualreports.com/HostedData/AnnualReportArchive/g/LSE_GDWN_2019.pdf [retrieval_failed: <urlopen error _ssl.c:993: The handshake operation timed out>] | https://www.annualreports.com/HostedData/AnnualReportArchive/g/LSE_GDWN.L_2019.pdf [retrieval_failed: <urlopen error _ssl.c:993: The handshake operation timed out>],not_started,not_started,no,,technically_unavailable_pending_resolution
rv2-GDWN-2022-12-31,Goodwin,GDWN,gb-gdwn,validation,2022-12-31,annual_report_or_approved_primary_disclosure,https://www.annualreports.com/HostedData/AnnualReportArchive/g/LSE_GDWN_2021.pdf | https://www.annualreports.com/HostedData/AnnualReportArchive/g/LSE_GDWN.L_2021.pdf,,https://www.annualreports.com/HostedData/AnnualReportArchive/g/LSE_GDWN_2021.pdf [retrieval_failed: <urlopen error _ssl.c:993: The handshake operation timed out>] | https://www.annualreports.com/HostedData/AnnualReportArchive/g/LSE_GDWN.L_2021.pdf [retrieval_failed: <urlopen error _ssl.c:993: The handshake operation timed out>],not_started,not_started,no,,technically_unavailable_pending_resolution
rv2-GDWN-2024-12-31,Goodwin,GDWN,gb-gdwn,holdout,2024-12-31,annual_report_or_approved_primary_disclosure,https://www.annualreports.com/HostedData/AnnualReportArchive/g/LSE_GDWN_2023.pdf | https://www.annualreports.com/HostedData/AnnualReportArchive/g/LSE_GDWN.L_2023.pdf,,https://www.annualreports.com/HostedData/AnnualReportArchive/g/LSE_GDWN_2023.pdf [retrieval_failed: <urlopen error _ssl.c:993: The handshake operation timed out>] | https://www.annualreports.com/HostedData/AnnualReportArchive/g/LSE_GDWN.L_2023.pdf [retrieval_failed: <urlopen error _ssl.c:993: The handshake operation timed out>],not_started,not_started,no,,technically_unavailable_pending_resolution
rv2-GEN-2020-12-31,Genuit Group,GEN,gb-gen,validation,2020-12-31,annual_report_or_approved_primary_disclosure,https://www.annualreports.com/HostedData/AnnualReportArchive/g/LSE_GEN_2019.pdf | https://www.annualreports.com/HostedData/AnnualReportArchive/g/LSE_GEN.L_2019.pdf,,https://www.annualreports.com/HostedData/AnnualReportArchive/g/LSE_GEN_2019.pdf [retrieval_failed: <urlopen error _ssl.c:993: The handshake operation timed out>] | https://www.annualreports.com/HostedData/AnnualReportArchive/g/LSE_GEN.L_2019.pdf [retrieval_failed: <urlopen error _ssl.c:993: The handshake operation timed out>],not_started,not_started,no,,technically_unavailable_pending_resolution
rv2-GEN-2022-12-31,Genuit Group,GEN,gb-gen,validation,2022-12-31,annual_report_or_approved_primary_disclosure,https://www.annualreports.com/HostedData/AnnualReportArchive/g/LSE_GEN_2021.pdf | https://www.annualreports.com/HostedData/AnnualReportArchive/g/LSE_GEN.L_2021.pdf,,https://www.annualreports.com/HostedData/AnnualReportArchive/g/LSE_GEN_2021.pdf [retrieval_failed: <urlopen error _ssl.c:993: The handshake operation timed out>] | https://www.annualreports.com/HostedData/AnnualReportArchive/g/LSE_GEN.L_2021.pdf [not_found: HTTP 404],not_started,not_started,no,,technically_unavailable_pending_resolution
rv2-GEN-2024-12-31,Genuit Group,GEN,gb-gen,holdout,2024-12-31,annual_report_or_approved_primary_disclosure,https://www.annualreports.com/HostedData/AnnualReportArchive/g/LSE_GEN_2023.pdf | https://www.annualreports.com/HostedData/AnnualReportArchive/g/LSE_GEN.L_2023.pdf,,https://www.annualreports.com/HostedData/AnnualReportArchive/g/LSE_GEN_2023.pdf [retrieval_failed: <urlopen error _ssl.c:993: The handshake operation timed out>] | https://www.annualreports.com/HostedData/AnnualReportArchive/g/LSE_GEN.L_2023.pdf [not_found: HTTP 404],not_started,not_started,no,,technically_unavailable_pending_resolution
rv2-HAYD-2020-12-31,Haydale Graphene Industries,HAYD,gb-hayd,validation,2020-12-31,annual_report_or_approved_primary_disclosure,https://www.annualreports.com/HostedData/AnnualReportArchive/h/LSE_HAYD_2019.pdf,https://www.annualreports.com/HostedData/AnnualReportArchive/h/LSE_HAYD_2019.pdf,,complete,complete,yes,,evidence_complete_prediction_eligible
rv2-HAYD-2022-12-31,Haydale Graphene Industries,HAYD,gb-hayd,validation,2022-12-31,annual_report_or_approved_primary_disclosure,https://www.annualreports.com/HostedData/AnnualReportArchive/h/LSE_HAYD_2021.pdf | https://www.annualreports.com/HostedData/AnnualReportArchive/h/LSE_HAYD.L_2021.pdf,,https://www.annualreports.com/HostedData/AnnualReportArchive/h/LSE_HAYD_2021.pdf [retrieval_failed: <urlopen error _ssl.c:993: The handshake operation timed out>] | https://www.annualreports.com/HostedData/AnnualReportArchive/h/LSE_HAYD.L_2021.pdf [retrieval_failed: <urlopen error _ssl.c:993: The handshake operation timed out>],not_started,not_started,no,,technically_unavailable_pending_resolution
rv2-HAYD-2024-12-31,Haydale Graphene Industries,HAYD,gb-hayd,holdout,2024-12-31,annual_report_or_approved_primary_disclosure,https://www.annualreports.com/HostedData/AnnualReportArchive/h/LSE_HAYD_2023.pdf | https://www.annualreports.com/HostedData/AnnualReportArchive/h/LSE_HAYD.L_2023.pdf,,https://www.annualreports.com/HostedData/AnnualReportArchive/h/LSE_HAYD_2023.pdf [retrieval_failed: <urlopen error _ssl.c:993: The handshake operation timed out>] | https://www.annualreports.com/HostedData/AnnualReportArchive/h/LSE_HAYD.L_2023.pdf [not_found: HTTP 404],not_started,not_started,no,,technically_unavailable_pending_resolution
rv2-HILS-2020-12-31,Hill and Smith,HILS,gb-hils,validation,2020-12-31,annual_report_or_approved_primary_disclosure,https://www.annualreports.com/HostedData/AnnualReportArchive/h/LSE_HILS_2019.pdf | https://www.annualreports.com/HostedData/AnnualReportArchive/h/LSE_HILS.L_2019.pdf,,https://www.annualreports.com/HostedData/AnnualReportArchive/h/LSE_HILS_2019.pdf [retrieval_failed: <urlopen error _ssl.c:993: The handshake operation timed out>] | https://www.annualreports.com/HostedData/AnnualReportArchive/h/LSE_HILS.L_2019.pdf [not_found: HTTP 404],not_started,not_started,no,,technically_unavailable_pending_resolution
rv2-HILS-2022-12-31,Hill and Smith,HILS,gb-hils,validation,2022-12-31,annual_report_or_approved_primary_disclosure,,,,not_started,not_started,no,,not_started
rv2-HILS-2024-12-31,Hill and Smith,HILS,gb-hils,holdout,2024-12-31,annual_report_or_approved_primary_disclosure,,,,not_started,not_started,no,,not_started
rv2-HSS-2020-12-31,HSS Hire,HSS,gb-hss,validation,2020-12-31,annual_report_or_approved_primary_disclosure,,,,not_started,not_started,no,,not_started
rv2-HSS-2022-12-31,HSS Hire,HSS,gb-hss,validation,2022-12-31,annual_report_or_approved_primary_disclosure,,,,not_started,not_started,no,,not_started
rv2-HSS-2024-12-31,HSS Hire,HSS,gb-hss,holdout,2024-12-31,annual_report_or_approved_primary_disclosure,,,,not_started,not_started,no,,not_started
rv2-HTG-2020-12-31,Hunting,HTG,gb-htg,validation,2020-12-31,annual_report_or_approved_primary_disclosure,,,,not_started,not_started,no,,not_started
rv2-HTG-2022-12-31,Hunting,HTG,gb-htg,validation,2022-12-31,annual_report_or_approved_primary_disclosure,,,,not_started,not_started,no,,not_started
rv2-HTG-2024-12-31,Hunting,HTG,gb-htg,holdout,2024-12-31,annual_report_or_approved_primary_disclosure,,,,not_started,not_started,no,,not_started
rv2-IBST-2020-12-31,Ibstock,IBST,gb-ibst,validation,2020-12-31,annual_report_or_approved_primary_disclosure,,,,not_started,not_started,no,,not_started
rv2-IBST-2022-12-31,Ibstock,IBST,gb-ibst,validation,2022-12-31,annual_report_or_approved_primary_disclosure,,,,not_started,not_started,no,,not_started
rv2-IBST-2024-12-31,Ibstock,IBST,gb-ibst,holdout,2024-12-31,annual_report_or_approved_primary_disclosure,,,,not_started,not_started,no,,not_started
rv2-IMI-2020-12-31,IMI,IMI,gb-imi,validation,2020-12-31,annual_report_or_approved_primary_disclosure,,,,not_started,not_started,no,,not_started
rv2-IMI-2024-12-31,IMI,IMI,gb-imi,holdout,2024-12-31,annual_report_or_approved_primary_disclosure,,,,not_started,not_started,no,,not_started
rv2-JDG-2020-12-31,Judges Scientific,JDG,gb-jdg,validation,2020-12-31,annual_report_or_approved_primary_disclosure,,,,not_started,not_started,no,,not_started
rv2-JDG-2022-12-31,Judges Scientific,JDG,gb-jdg,validation,2022-12-31,annual_report_or_approved_primary_disclosure,,,,not_started,not_started,no,,not_started
rv2-JDG-2024-12-31,Judges Scientific,JDG,gb-jdg,holdout,2024-12-31,annual_report_or_approved_primary_disclosure,,,,not_started,not_started,no,,not_started
rv2-JMAT-2020-12-31,Johnson Matthey,JMAT,gb-jmat,validation,2020-12-31,annual_report_or_approved_primary_disclosure,,,,not_started,not_started,no,,not_started
rv2-JMAT-2022-12-31,Johnson Matthey,JMAT,gb-jmat,validation,2022-12-31,annual_report_or_approved_primary_disclosure,,,,not_started,not_started,no,,not_started
rv2-JMAT-2024-12-31,Johnson Matthey,JMAT,gb-jmat,holdout,2024-12-31,annual_report_or_approved_primary_disclosure,,,,not_started,not_started,no,,not_started
rv2-KLR-2020-12-31,Keller Group,KLR,gb-klr,validation,2020-12-31,annual_report_or_approved_primary_disclosure,,,,not_started,not_started,no,,not_started
rv2-KLR-2022-12-31,Keller Group,KLR,gb-klr,validation,2022-12-31,annual_report_or_approved_primary_disclosure,,,,not_started,not_started,no,,not_started
rv2-KLR-2024-12-31,Keller Group,KLR,gb-klr,holdout,2024-12-31,annual_report_or_approved_primary_disclosure,,,,not_started,not_started,no,,not_started
rv2-KMK-2020-12-31,Kromek Group,KMK,gb-kmk,validation,2020-12-31,annual_report_or_approved_primary_disclosure,,,,not_started,not_started,no,,not_started
rv2-KMK-2022-12-31,Kromek Group,KMK,gb-kmk,validation,2022-12-31,annual_report_or_approved_primary_disclosure,,,,not_started,not_started,no,,not_started
rv2-KMK-2024-12-31,Kromek Group,KMK,gb-kmk,holdout,2024-12-31,annual_report_or_approved_primary_disclosure,,,,not_started,not_started,no,,not_started
rv2-KNOS-2020-12-31,Kainos Group,KNOS,gb-knos,validation,2020-12-31,annual_report_or_approved_primary_disclosure,,,,not_started,not_started,no,,not_started
rv2-KNOS-2022-12-31,Kainos Group,KNOS,gb-knos,validation,2022-12-31,annual_report_or_approved_primary_disclosure,,,,not_started,not_started,no,,not_started
rv2-KNOS-2024-12-31,Kainos Group,KNOS,gb-knos,holdout,2024-12-31,annual_report_or_approved_primary_disclosure,,,,not_started,not_started,no,,not_started
rv2-LPA-2020-12-31,LPA Group,LPA,gb-lpa,validation,2020-12-31,annual_report_or_approved_primary_disclosure,,,,not_started,not_started,no,,not_started
rv2-LPA-2022-12-31,LPA Group,LPA,gb-lpa,validation,2022-12-31,annual_report_or_approved_primary_disclosure,,,,not_started,not_started,no,,not_started
rv2-LPA-2024-12-31,LPA Group,LPA,gb-lpa,holdout,2024-12-31,annual_report_or_approved_primary_disclosure,,,,not_started,not_started,no,,not_started
rv2-LUCE-2020-12-31,Luceco,LUCE,gb-luce,validation,2020-12-31,annual_report_or_approved_primary_disclosure,,,,not_started,not_started,no,,not_started
rv2-LUCE-2022-12-31,Luceco,LUCE,gb-luce,validation,2022-12-31,annual_report_or_approved_primary_disclosure,,,,not_started,not_started,no,,not_started
rv2-LUCE-2024-12-31,Luceco,LUCE,gb-luce,holdout,2024-12-31,annual_report_or_approved_primary_disclosure,,,,not_started,not_started,no,,not_started
rv2-MACF-2020-12-31,Macfarlane Group,MACF,gb-macf,validation,2020-12-31,annual_report_or_approved_primary_disclosure,,,,not_started,not_started,no,,not_started
rv2-MACF-2022-12-31,Macfarlane Group,MACF,gb-macf,validation,2022-12-31,annual_report_or_approved_primary_disclosure,,,,not_started,not_started,no,,not_started
rv2-MACF-2024-12-31,Macfarlane Group,MACF,gb-macf,holdout,2024-12-31,annual_report_or_approved_primary_disclosure,,,,not_started,not_started,no,,not_started
rv2-MGAM-2020-12-31,Morgan Advanced Materials,MGAM,gb-mgam,validation,2020-12-31,annual_report_or_approved_primary_disclosure,,,,not_started,not_started,no,,not_started
rv2-MGAM-2022-12-31,Morgan Advanced Materials,MGAM,gb-mgam,validation,2022-12-31,annual_report_or_approved_primary_disclosure,,,,not_started,not_started,no,,not_started
rv2-MGAM-2024-12-31,Morgan Advanced Materials,MGAM,gb-mgam,holdout,2024-12-31,annual_report_or_approved_primary_disclosure,,,,not_started,not_started,no,,not_started
rv2-MPAC-2020-12-31,Mpac Group,MPAC,gb-mpac,validation,2020-12-31,annual_report_or_approved_primary_disclosure,,,,not_started,not_started,no,,not_started
rv2-MPAC-2022-12-31,Mpac Group,MPAC,gb-mpac,validation,2022-12-31,annual_report_or_approved_primary_disclosure,,,,not_started,not_started,no,,not_started
rv2-MPAC-2024-12-31,Mpac Group,MPAC,gb-mpac,holdout,2024-12-31,annual_report_or_approved_primary_disclosure,,,,not_started,not_started,no,,not_started
rv2-MRO-2020-12-31,Melrose Industries,MRO,gb-mro,validation,2020-12-31,annual_report_or_approved_primary_disclosure,,,,not_started,not_started,no,,not_started
rv2-MRO-2024-12-31,Melrose Industries,MRO,gb-mro,holdout,2024-12-31,annual_report_or_approved_primary_disclosure,,,,not_started,not_started,no,,not_started
rv2-MSI-2020-12-31,MS International,MSI,gb-msi,validation,2020-12-31,annual_report_or_approved_primary_disclosure,,,,not_started,not_started,no,,not_started
rv2-MSI-2022-12-31,MS International,MSI,gb-msi,validation,2022-12-31,annual_report_or_approved_primary_disclosure,,,,not_started,not_started,no,,not_started
rv2-MSI-2024-12-31,MS International,MSI,gb-msi,holdout,2024-12-31,annual_report_or_approved_primary_disclosure,,,,not_started,not_started,no,,not_started
rv2-MSLH-2020-12-31,Marshalls,MSLH,gb-mslh,validation,2020-12-31,annual_report_or_approved_primary_disclosure,,,,not_started,not_started,no,,not_started
rv2-MSLH-2022-12-31,Marshalls,MSLH,gb-mslh,validation,2022-12-31,annual_report_or_approved_primary_disclosure,,,,not_started,not_started,no,,not_started
rv2-MSLH-2024-12-31,Marshalls,MSLH,gb-mslh,holdout,2024-12-31,annual_report_or_approved_primary_disclosure,,,,not_started,not_started,no,,not_started
rv2-MTO-2020-12-31,Mitie Group,MTO,gb-mto,validation,2020-12-31,annual_report_or_approved_primary_disclosure,,,,not_started,not_started,no,,not_started
rv2-MTO-2022-12-31,Mitie Group,MTO,gb-mto,validation,2022-12-31,annual_report_or_approved_primary_disclosure,,,,not_started,not_started,no,,not_started
rv2-MTO-2024-12-31,Mitie Group,MTO,gb-mto,holdout,2024-12-31,annual_report_or_approved_primary_disclosure,,,,not_started,not_started,no,,not_started
rv2-NCC-2020-12-31,NCC Group,NCC,gb-ncc,validation,2020-12-31,annual_report_or_approved_primary_disclosure,,,,not_started,not_started,no,,not_started
rv2-NCC-2022-12-31,NCC Group,NCC,gb-ncc,validation,2022-12-31,annual_report_or_approved_primary_disclosure,,,,not_started,not_started,no,,not_started
rv2-NCC-2024-12-31,NCC Group,NCC,gb-ncc,holdout,2024-12-31,annual_report_or_approved_primary_disclosure,,,,not_started,not_started,no,,not_started
rv2-OMG-2020-12-31,Oxford Metrics,OMG,gb-omg,validation,2020-12-31,annual_report_or_approved_primary_disclosure,,,,not_started,not_started,no,,not_started
rv2-OMG-2022-12-31,Oxford Metrics,OMG,gb-omg,validation,2022-12-31,annual_report_or_approved_primary_disclosure,,,,not_started,not_started,no,,not_started
rv2-OMG-2024-12-31,Oxford Metrics,OMG,gb-omg,holdout,2024-12-31,annual_report_or_approved_primary_disclosure,,,,not_started,not_started,no,,not_started
rv2-OXIG-2020-12-31,Oxford Instruments,OXIG,gb-oxig,validation,2020-12-31,annual_report_or_approved_primary_disclosure,,,,not_started,not_started,no,,not_started
rv2-OXIG-2022-12-31,Oxford Instruments,OXIG,gb-oxig,validation,2022-12-31,annual_report_or_approved_primary_disclosure,,,,not_started,not_started,no,,not_started
rv2-OXIG-2024-12-31,Oxford Instruments,OXIG,gb-oxig,holdout,2024-12-31,annual_report_or_approved_primary_disclosure,,,,not_started,not_started,no,,not_started
rv2-PAGE-2020-12-31,PageGroup,PAGE,gb-page,validation,2020-12-31,annual_report_or_approved_primary_disclosure,,,,not_started,not_started,no,,not_started
rv2-PAGE-2022-12-31,PageGroup,PAGE,gb-page,validation,2022-12-31,annual_report_or_approved_primary_disclosure,,,,not_started,not_started,no,,not_started
rv2-PAGE-2024-12-31,PageGroup,PAGE,gb-page,holdout,2024-12-31,annual_report_or_approved_primary_disclosure,,,,not_started,not_started,no,,not_started
rv2-PRES-2020-12-31,Pressure Technologies,PRES,gb-pres,validation,2020-12-31,annual_report_or_approved_primary_disclosure,,,,not_started,not_started,no,,not_started
rv2-PRES-2022-12-31,Pressure Technologies,PRES,gb-pres,validation,2022-12-31,annual_report_or_approved_primary_disclosure,,,,not_started,not_started,no,,not_started
rv2-PRES-2024-12-31,Pressure Technologies,PRES,gb-pres,holdout,2024-12-31,annual_report_or_approved_primary_disclosure,,,,not_started,not_started,no,,not_started
rv2-PRV-2020-12-31,Porvair,PRV,gb-prv,validation,2020-12-31,annual_report_or_approved_primary_disclosure,,,,not_started,not_started,no,,not_started
rv2-PRV-2024-12-31,Porvair,PRV,gb-prv,holdout,2024-12-31,annual_report_or_approved_primary_disclosure,,,,not_started,not_started,no,,not_started
rv2-QQ.-2020-12-31,QinetiQ Group,QQ.,gb-qq,validation,2020-12-31,annual_report_or_approved_primary_disclosure,,,,not_started,not_started,no,,not_started
rv2-QQ.-2022-12-31,QinetiQ Group,QQ.,gb-qq,validation,2022-12-31,annual_report_or_approved_primary_disclosure,,,,not_started,not_started,no,,not_started
rv2-QQ.-2024-12-31,QinetiQ Group,QQ.,gb-qq,holdout,2024-12-31,annual_report_or_approved_primary_disclosure,,,,not_started,not_started,no,,not_started
rv2-RCDO-2020-12-31,Ricardo,RCDO,gb-rcdo,validation,2020-12-31,annual_report_or_approved_primary_disclosure,,,,not_started,not_started,no,,not_started
rv2-RCDO-2024-12-31,Ricardo,RCDO,gb-rcdo,holdout,2024-12-31,annual_report_or_approved_primary_disclosure,,,,not_started,not_started,no,,not_started
rv2-RHIM-2020-12-31,RHI Magnesita,RHIM,gb-rhim,validation,2020-12-31,annual_report_or_approved_primary_disclosure,,,,not_started,not_started,no,,not_started
rv2-RHIM-2022-12-31,RHI Magnesita,RHIM,gb-rhim,validation,2022-12-31,annual_report_or_approved_primary_disclosure,,,,not_started,not_started,no,,not_started
rv2-RHIM-2024-12-31,RHI Magnesita,RHIM,gb-rhim,holdout,2024-12-31,annual_report_or_approved_primary_disclosure,,,,not_started,not_started,no,,not_started
rv2-RNO-2020-12-31,Renold,RNO,gb-rno,validation,2020-12-31,annual_report_or_approved_primary_disclosure,,,,not_started,not_started,no,,not_started
rv2-RNO-2022-12-31,Renold,RNO,gb-rno,validation,2022-12-31,annual_report_or_approved_primary_disclosure,,,,not_started,not_started,no,,not_started
rv2-RNO-2024-12-31,Renold,RNO,gb-rno,holdout,2024-12-31,annual_report_or_approved_primary_disclosure,,,,not_started,not_started,no,,not_started
rv2-RNWH-2020-12-31,Renew Holdings,RNWH,gb-rnwh,validation,2020-12-31,annual_report_or_approved_primary_disclosure,,,,not_started,not_started,no,,not_started
rv2-RNWH-2022-12-31,Renew Holdings,RNWH,gb-rnwh,validation,2022-12-31,annual_report_or_approved_primary_disclosure,,,,not_started,not_started,no,,not_started
rv2-RNWH-2024-12-31,Renew Holdings,RNWH,gb-rnwh,holdout,2024-12-31,annual_report_or_approved_primary_disclosure,,,,not_started,not_started,no,,not_started
rv2-RR.-2020-12-31,Rolls-Royce Holdings,RR.,gb-rr,validation,2020-12-31,annual_report_or_approved_primary_disclosure,,,,not_started,not_started,no,,not_started
rv2-RR.-2022-12-31,Rolls-Royce Holdings,RR.,gb-rr,validation,2022-12-31,annual_report_or_approved_primary_disclosure,,,,not_started,not_started,no,,not_started
rv2-RR.-2024-12-31,Rolls-Royce Holdings,RR.,gb-rr,holdout,2024-12-31,annual_report_or_approved_primary_disclosure,,,,not_started,not_started,no,,not_started
rv2-RST-2020-12-31,Restore,RST,gb-rst,validation,2020-12-31,annual_report_or_approved_primary_disclosure,,,,not_started,not_started,no,,not_started
rv2-RST-2022-12-31,Restore,RST,gb-rst,validation,2022-12-31,annual_report_or_approved_primary_disclosure,,,,not_started,not_started,no,,not_started
rv2-RST-2024-12-31,Restore,RST,gb-rst,holdout,2024-12-31,annual_report_or_approved_primary_disclosure,,,,not_started,not_started,no,,not_started
rv2-RTO-2020-12-31,Rentokil Initial,RTO,gb-rto,validation,2020-12-31,annual_report_or_approved_primary_disclosure,,,,not_started,not_started,no,,not_started
rv2-RTO-2022-12-31,Rentokil Initial,RTO,gb-rto,validation,2022-12-31,annual_report_or_approved_primary_disclosure,,,,not_started,not_started,no,,not_started
rv2-RTO-2024-12-31,Rentokil Initial,RTO,gb-rto,holdout,2024-12-31,annual_report_or_approved_primary_disclosure,,,,not_started,not_started,no,,not_started
rv2-SAG-2020-12-31,Science Group,SAG,gb-sag,validation,2020-12-31,annual_report_or_approved_primary_disclosure,,,,not_started,not_started,no,,not_started
rv2-SAG-2022-12-31,Science Group,SAG,gb-sag,validation,2022-12-31,annual_report_or_approved_primary_disclosure,,,,not_started,not_started,no,,not_started
rv2-SAG-2024-12-31,Science Group,SAG,gb-sag,holdout,2024-12-31,annual_report_or_approved_primary_disclosure,,,,not_started,not_started,no,,not_started
rv2-SCT-2020-12-31,Softcat,SCT,gb-sct,validation,2020-12-31,annual_report_or_approved_primary_disclosure,,,,not_started,not_started,no,,not_started
rv2-SCT-2022-12-31,Softcat,SCT,gb-sct,validation,2022-12-31,annual_report_or_approved_primary_disclosure,,,,not_started,not_started,no,,not_started
rv2-SCT-2024-12-31,Softcat,SCT,gb-sct,holdout,2024-12-31,annual_report_or_approved_primary_disclosure,,,,not_started,not_started,no,,not_started
rv2-SDI-2020-12-31,SDI Group,SDI,gb-sdi,validation,2020-12-31,annual_report_or_approved_primary_disclosure,,,,not_started,not_started,no,,not_started
rv2-SDI-2022-12-31,SDI Group,SDI,gb-sdi,validation,2022-12-31,annual_report_or_approved_primary_disclosure,,,,not_started,not_started,no,,not_started
rv2-SDI-2024-12-31,SDI Group,SDI,gb-sdi,holdout,2024-12-31,annual_report_or_approved_primary_disclosure,,,,not_started,not_started,no,,not_started
rv2-SDY-2020-12-31,Speedy Hire,SDY,gb-sdy,validation,2020-12-31,annual_report_or_approved_primary_disclosure,,,,not_started,not_started,no,,not_started
rv2-SDY-2022-12-31,Speedy Hire,SDY,gb-sdy,validation,2022-12-31,annual_report_or_approved_primary_disclosure,,,,not_started,not_started,no,,not_started
rv2-SDY-2024-12-31,Speedy Hire,SDY,gb-sdy,holdout,2024-12-31,annual_report_or_approved_primary_disclosure,,,,not_started,not_started,no,,not_started
rv2-SFR-2020-12-31,Severfield,SFR,gb-sfr,validation,2020-12-31,annual_report_or_approved_primary_disclosure,,,,not_started,not_started,no,,not_started
rv2-SFR-2022-12-31,Severfield,SFR,gb-sfr,validation,2022-12-31,annual_report_or_approved_primary_disclosure,,,,not_started,not_started,no,,not_started
rv2-SFR-2024-12-31,Severfield,SFR,gb-sfr,holdout,2024-12-31,annual_report_or_approved_primary_disclosure,,,,not_started,not_started,no,,not_started
rv2-SHI-2020-12-31,SIG,SHI,gb-shi,validation,2020-12-31,annual_report_or_approved_primary_disclosure,,,,not_started,not_started,no,,not_started
rv2-SHI-2022-12-31,SIG,SHI,gb-shi,validation,2022-12-31,annual_report_or_approved_primary_disclosure,,,,not_started,not_started,no,,not_started
rv2-SHI-2024-12-31,SIG,SHI,gb-shi,holdout,2024-12-31,annual_report_or_approved_primary_disclosure,,,,not_started,not_started,no,,not_started
rv2-SNR-2020-12-31,Senior,SNR,gb-snr,validation,2020-12-31,annual_report_or_approved_primary_disclosure,,,,not_started,not_started,no,,not_started
rv2-SNR-2024-12-31,Senior,SNR,gb-snr,holdout,2024-12-31,annual_report_or_approved_primary_disclosure,,,,not_started,not_started,no,,not_started
rv2-SOLI-2020-12-31,Solid State,SOLI,gb-soli,validation,2020-12-31,annual_report_or_approved_primary_disclosure,,,,not_started,not_started,no,,not_started
rv2-SOLI-2022-12-31,Solid State,SOLI,gb-soli,validation,2022-12-31,annual_report_or_approved_primary_disclosure,,,,not_started,not_started,no,,not_started
rv2-SOLI-2024-12-31,Solid State,SOLI,gb-soli,holdout,2024-12-31,annual_report_or_approved_primary_disclosure,,,,not_started,not_started,no,,not_started
rv2-SOM-2020-12-31,Somero Enterprises,SOM,gb-som,validation,2020-12-31,annual_report_or_approved_primary_disclosure,,,,not_started,not_started,no,,not_started
rv2-SOM-2022-12-31,Somero Enterprises,SOM,gb-som,validation,2022-12-31,annual_report_or_approved_primary_disclosure,,,,not_started,not_started,no,,not_started
rv2-SOM-2024-12-31,Somero Enterprises,SOM,gb-som,holdout,2024-12-31,annual_report_or_approved_primary_disclosure,,,,not_started,not_started,no,,not_started
rv2-SPX-2020-12-31,Spirax Group,SPX,gb-spx,validation,2020-12-31,annual_report_or_approved_primary_disclosure,,,,not_started,not_started,no,,not_started
rv2-SPX-2024-12-31,Spirax Group,SPX,gb-spx,holdout,2024-12-31,annual_report_or_approved_primary_disclosure,,,,not_started,not_started,no,,not_started
rv2-SRC-2020-12-31,SigmaRoc,SRC,gb-src,validation,2020-12-31,annual_report_or_approved_primary_disclosure,,,,not_started,not_started,no,,not_started
rv2-SRC-2022-12-31,SigmaRoc,SRC,gb-src,validation,2022-12-31,annual_report_or_approved_primary_disclosure,,,,not_started,not_started,no,,not_started
rv2-SRC-2024-12-31,SigmaRoc,SRC,gb-src,holdout,2024-12-31,annual_report_or_approved_primary_disclosure,,,,not_started,not_started,no,,not_started
rv2-SRP-2020-12-31,Serco Group,SRP,gb-srp,validation,2020-12-31,annual_report_or_approved_primary_disclosure,,,,not_started,not_started,no,,not_started
rv2-SRP-2022-12-31,Serco Group,SRP,gb-srp,validation,2022-12-31,annual_report_or_approved_primary_disclosure,,,,not_started,not_started,no,,not_started
rv2-SRP-2024-12-31,Serco Group,SRP,gb-srp,holdout,2024-12-31,annual_report_or_approved_primary_disclosure,,,,not_started,not_started,no,,not_started
rv2-STAF-2020-12-31,Staffline Group,STAF,gb-staf,validation,2020-12-31,annual_report_or_approved_primary_disclosure,,,,not_started,not_started,no,,not_started
rv2-STAF-2022-12-31,Staffline Group,STAF,gb-staf,validation,2022-12-31,annual_report_or_approved_primary_disclosure,,,,not_started,not_started,no,,not_started
rv2-STAF-2024-12-31,Staffline Group,STAF,gb-staf,holdout,2024-12-31,annual_report_or_approved_primary_disclosure,,,,not_started,not_started,no,,not_started
rv2-SXS-2020-12-31,Spectris,SXS,gb-sxs,validation,2020-12-31,annual_report_or_approved_primary_disclosure,,,,not_started,not_started,no,,not_started
rv2-SXS-2022-12-31,Spectris,SXS,gb-sxs,validation,2022-12-31,annual_report_or_approved_primary_disclosure,,,,not_started,not_started,no,,not_started
rv2-SXS-2024-12-31,Spectris,SXS,gb-sxs,holdout,2024-12-31,annual_report_or_approved_primary_disclosure,,,,not_started,not_started,no,,not_started
rv2-SYNT-2020-12-31,Synthomer,SYNT,gb-synt,validation,2020-12-31,annual_report_or_approved_primary_disclosure,,,,not_started,not_started,no,,not_started
rv2-SYNT-2022-12-31,Synthomer,SYNT,gb-synt,validation,2022-12-31,annual_report_or_approved_primary_disclosure,,,,not_started,not_started,no,,not_started
rv2-SYNT-2024-12-31,Synthomer,SYNT,gb-synt,holdout,2024-12-31,annual_report_or_approved_primary_disclosure,,,,not_started,not_started,no,,not_started
rv2-TGP-2020-12-31,Tekmar Group,TGP,gb-tgp,validation,2020-12-31,annual_report_or_approved_primary_disclosure,,,,not_started,not_started,no,,not_started
rv2-TGP-2022-12-31,Tekmar Group,TGP,gb-tgp,validation,2022-12-31,annual_report_or_approved_primary_disclosure,,,,not_started,not_started,no,,not_started
rv2-TGP-2024-12-31,Tekmar Group,TGP,gb-tgp,holdout,2024-12-31,annual_report_or_approved_primary_disclosure,,,,not_started,not_started,no,,not_started
rv2-TPK-2020-12-31,Travis Perkins,TPK,gb-tpk,validation,2020-12-31,annual_report_or_approved_primary_disclosure,,,,not_started,not_started,no,,not_started
rv2-TPK-2022-12-31,Travis Perkins,TPK,gb-tpk,validation,2022-12-31,annual_report_or_approved_primary_disclosure,,,,not_started,not_started,no,,not_started
rv2-TPK-2024-12-31,Travis Perkins,TPK,gb-tpk,holdout,2024-12-31,annual_report_or_approved_primary_disclosure,,,,not_started,not_started,no,,not_started
rv2-TRT-2020-12-31,Transense Technologies,TRT,gb-trt,validation,2020-12-31,annual_report_or_approved_primary_disclosure,,,,not_started,not_started,no,,not_started
rv2-TRT-2022-12-31,Transense Technologies,TRT,gb-trt,validation,2022-12-31,annual_report_or_approved_primary_disclosure,,,,not_started,not_started,no,,not_started
rv2-TRT-2024-12-31,Transense Technologies,TRT,gb-trt,holdout,2024-12-31,annual_report_or_approved_primary_disclosure,,,,not_started,not_started,no,,not_started
rv2-TSTL-2020-12-31,Tristel,TSTL,gb-tstl,validation,2020-12-31,annual_report_or_approved_primary_disclosure,,,,not_started,not_started,no,,not_started
rv2-TSTL-2022-12-31,Tristel,TSTL,gb-tstl,validation,2022-12-31,annual_report_or_approved_primary_disclosure,,,,not_started,not_started,no,,not_started
rv2-TSTL-2024-12-31,Tristel,TSTL,gb-tstl,holdout,2024-12-31,annual_report_or_approved_primary_disclosure,,,,not_started,not_started,no,,not_started
rv2-TTG-2020-12-31,TT Electronics,TTG,gb-ttg,validation,2020-12-31,annual_report_or_approved_primary_disclosure,,,,not_started,not_started,no,,not_started
rv2-TTG-2022-12-31,TT Electronics,TTG,gb-ttg,validation,2022-12-31,annual_report_or_approved_primary_disclosure,,,,not_started,not_started,no,,not_started
rv2-TTG-2024-12-31,TT Electronics,TTG,gb-ttg,holdout,2024-12-31,annual_report_or_approved_primary_disclosure,,,,not_started,not_started,no,,not_started
rv2-VLX-2020-12-31,Volex,VLX,gb-vlx,validation,2020-12-31,annual_report_or_approved_primary_disclosure,,,,not_started,not_started,no,,not_started
rv2-VLX-2022-12-31,Volex,VLX,gb-vlx,validation,2022-12-31,annual_report_or_approved_primary_disclosure,,,,not_started,not_started,no,,not_started
rv2-VLX-2024-12-31,Volex,VLX,gb-vlx,holdout,2024-12-31,annual_report_or_approved_primary_disclosure,,,,not_started,not_started,no,,not_started
rv2-VP.-2020-12-31,Vp,VP.,gb-vp,validation,2020-12-31,annual_report_or_approved_primary_disclosure,,,,not_started,not_started,no,,not_started
rv2-VP.-2022-12-31,Vp,VP.,gb-vp,validation,2022-12-31,annual_report_or_approved_primary_disclosure,,,,not_started,not_started,no,,not_started
rv2-VP.-2024-12-31,Vp,VP.,gb-vp,holdout,2024-12-31,annual_report_or_approved_primary_disclosure,,,,not_started,not_started,no,,not_started
rv2-VSVS-2020-12-31,Vesuvius,VSVS,gb-vsvs,validation,2020-12-31,annual_report_or_approved_primary_disclosure,,,,not_started,not_started,no,,not_started
rv2-VSVS-2022-12-31,Vesuvius,VSVS,gb-vsvs,validation,2022-12-31,annual_report_or_approved_primary_disclosure,,,,not_started,not_started,no,,not_started
rv2-VSVS-2024-12-31,Vesuvius,VSVS,gb-vsvs,holdout,2024-12-31,annual_report_or_approved_primary_disclosure,,,,not_started,not_started,no,,not_started
rv2-WATR-2020-12-31,Water Intelligence,WATR,gb-watr,validation,2020-12-31,annual_report_or_approved_primary_disclosure,,,,not_started,not_started,no,,not_started
rv2-WATR-2022-12-31,Water Intelligence,WATR,gb-watr,validation,2022-12-31,annual_report_or_approved_primary_disclosure,,,,not_started,not_started,no,,not_started
rv2-WATR-2024-12-31,Water Intelligence,WATR,gb-watr,holdout,2024-12-31,annual_report_or_approved_primary_disclosure,,,,not_started,not_started,no,,not_started
rv2-WEIR-2020-12-31,Weir Group,WEIR,gb-weir,validation,2020-12-31,annual_report_or_approved_primary_disclosure,,,,not_started,not_started,no,,not_started
rv2-WEIR-2022-12-31,Weir Group,WEIR,gb-weir,validation,2022-12-31,annual_report_or_approved_primary_disclosure,,,,not_started,not_started,no,,not_started
rv2-WEIR-2024-12-31,Weir Group,WEIR,gb-weir,holdout,2024-12-31,annual_report_or_approved_primary_disclosure,,,,not_started,not_started,no,,not_started
rv2-WG.-2020-12-31,John Wood Group,WG.,gb-wg,validation,2020-12-31,annual_report_or_approved_primary_disclosure,,,,not_started,not_started,no,,not_started
rv2-WG.-2022-12-31,John Wood Group,WG.,gb-wg,validation,2022-12-31,annual_report_or_approved_primary_disclosure,,,,not_started,not_started,no,,not_started
rv2-WG.-2024-12-31,John Wood Group,WG.,gb-wg,holdout,2024-12-31,annual_report_or_approved_primary_disclosure,,,,not_started,not_started,no,,not_started
rv2-WIX-2020-12-31,Wickes Group,WIX,gb-wix,validation,2020-12-31,annual_report_or_approved_primary_disclosure,,,,not_started,not_started,no,,not_started
rv2-WIX-2022-12-31,Wickes Group,WIX,gb-wix,validation,2022-12-31,annual_report_or_approved_primary_disclosure,,,,not_started,not_started,no,,not_started
rv2-WIX-2024-12-31,Wickes Group,WIX,gb-wix,holdout,2024-12-31,annual_report_or_approved_primary_disclosure,,,,not_started,not_started,no,,not_started
rv2-XPP-2020-12-31,XP Power,XPP,gb-xpp,validation,2020-12-31,annual_report_or_approved_primary_disclosure,,,,not_started,not_started,no,,not_started
rv2-XPP-2022-12-31,XP Power,XPP,gb-xpp,validation,2022-12-31,annual_report_or_approved_primary_disclosure,,,,not_started,not_started,no,,not_started
rv2-XPP-2024-12-31,XP Power,XPP,gb-xpp,holdout,2024-12-31,annual_report_or_approved_primary_disclosure,,,,not_started,not_started,no,,not_started
rv2-ZTF-2020-12-31,Zotefoams,ZTF,gb-ztf,validation,2020-12-31,annual_report_or_approved_primary_disclosure,,,,not_started,not_started,no,,not_started
rv2-ZTF-2022-12-31,Zotefoams,ZTF,gb-ztf,validation,2022-12-31,annual_report_or_approved_primary_disclosure,,,,not_started,not_started,no,,not_started
rv2-ZTF-2024-12-31,Zotefoams,ZTF,gb-ztf,holdout,2024-12-31,annual_report_or_approved_primary_disclosure,,,,not_started,not_started,no,,not_started
