case_id,benchmark_source,document_id,company,candidate_event_type,source_context,expected_decision,expected_event_type,expected_subject,expected_status,failure_class,development_only,formal_gold,admissible_for_model2_gate
0.3.3_new_unseen-001,0.3.3_new_unseen,ee02-gm-0001467858-23-000029,General Motors Co,supply_chain_constraint,MD&A for further discussion on the effect global supply chain disruptions have had on our results of operations.,accept,supply_chain_constraint,target_company,ambiguous,,true,false,false
0.3.3_new_unseen-002,0.3.3_new_unseen,ee02-gm-0001467858-23-000029,General Motors Co,labour_constraint,"As a result, we may be subject to an increased risk of strikes, work stoppages or other types of conflicts with labor unions and employees.",reject,,target_company,actual_current_with_forecast,hypothetical_risk,true,false,false
0.3.3_new_unseen-003,0.3.3_new_unseen,ee02-gm-0001467858-23-000029,General Motors Co,restructuring,"and elsewhere involving various issues, including product liability lawsuits, warranty litigation, class action litigations alleging product defects, emissions litigation, stockholder litigation, labor and employment litigation and claims and actions arising from restructurings and divestitures of operations and assets.",reject,,target_company,ambiguous,wrong_context,true,false,false
0.3.3_new_unseen-004,0.3.3_new_unseen,ee02-gm-0001467858-23-000029,General Motors Co,supply_chain_constraint,"As a result of supply chain disruptions in 2022, we experienced interruptions to our planned production schedules and prioritized production of our most popular and in-demand products, including our full-size trucks, full-size SUVs and EVs.",accept,supply_chain_constraint,target_company,planned,,true,false,false
0.3.3_new_unseen-005,0.3.3_new_unseen,ee02-gm-0001467858-23-000029,General Motors Co,supply_chain_constraint,"The ongoing supply chain disruptions, macro-economic impact of COVID-19 and geopolitical tensions continue to place pressure on China's automotive industry and our vehicle sales in China.",accept,supply_chain_constraint,target_company,ambiguous,,true,false,false
0.3.3_new_unseen-006,0.3.3_new_unseen,ee02-gm-0001467858-23-000029,General Motors Co,growth_language,"GMI Total Net Sales and Revenue In the year ended December 31, 2022, Total net sales and revenue increased primarily due to: (1) increased net wholesale volumes due to improved parts availability that allowed us to increase production in 2022; (2) favorable pricing across multiple vehicle lines in South America and the Middle East; and (3) favorable mix in the Middle East and Asia/Pacific, partially offset by unfavorable mix in South America; partially offset by (4) unfavorable Other primarily due to the foreign currency effect resulting from the weakening of various currencies against the U.S.",accept,growth_language,target_company,actual_current,,true,false,false
0.3.3_new_unseen-007,0.3.3_new_unseen,ee02-gm-0001467858-23-000029,General Motors Co,refinancing,"We intend to allocate an amount equal to the net proceeds from these senior unsecured notes to finance or refinance, in whole or in part, new or existing green projects, assets or activities undertaken or owned by the Company that meet one or more eligibility criteria outlined in our Sustainable Finance Framework.",accept,refinancing,target_company,ambiguous,,true,false,false
0.3.3_new_unseen-008,0.3.3_new_unseen,ee02-gm-0001467858-23-000029,General Motors Co,restructuring,"We recorded charges of $ 511 million, which are included in the table above, and incurred $ 120 million in net cash outflows resulting from these dealer restructurings.",ambiguous,,target_company,ambiguous,customer_or_dealer_context,true,false,false
0.3.3_new_unseen-009,0.3.3_new_unseen,ee02-gm-0001467858-24-000031,General Motors Co,labour_constraint,"As a result, we may be subject to an increased risk of strikes, work stoppages or other types of conflicts with labor unions and employees.",reject,,target_company,actual_current_with_forecast,hypothetical_risk,true,false,false
0.3.3_new_unseen-010,0.3.3_new_unseen,ee02-gm-0001467858-24-000031,General Motors Co,restructuring,"and elsewhere involving various issues, including product liability lawsuits, warranty litigation, class action litigations alleging product defects, emissions litigation, stockholder litigation, labor and employment litigation and claims and actions arising from restructurings and divestitures of operations and assets.",reject,,target_company,ambiguous,wrong_context,true,false,false
0.3.3_new_unseen-011,0.3.3_new_unseen,ee02-hon-0000773840-23-000013,HONEYWELL INTERNATIONAL INC,growth_language,"In 2022, we delivered sales growth of 3% (6% organically (1) , 7% organically excluding lost Russian sales (2) ), led by strong demand in our Commercial Aviation, Advanced Materials, and Building Products businesses, as we experienced sales growth in three of our four reportable business segments.",accept,growth_language,target_company,actual_current,,true,false,false
0.3.3_new_unseen-012,0.3.3_new_unseen,ee02-hon-0000773840-23-000013,HONEYWELL INTERNATIONAL INC,supply_chain_constraint,"YEAR IN REVIEW Sales up 3 % , up 6% on an organic (1) basis, or up 7% on an organic basis excluding lost Russian sales (2) Record backlog of Operating cash flows of $35.5 BILLION $29.6 BILLION $5.3 BILLION as we remain focused on leveraging our robust operating model to deliver growth despite headwinds from inflation, supply chain constraints, and impacts of the Russia-Ukraine conflict as of year-end, demonstrating strong demand in our end markets and positioning us well to convert for future growth as we remain focused on increasing operating cash flows through revenue growth, margin expansion, and improved working capital turnover (1) Organic sales % change and Organic sales % change excluding lost Russian sales are non-GAAP measures.",ambiguous,,target_company,ambiguous,malformed_fragment,true,false,false
0.3.3_new_unseen-013,0.3.3_new_unseen,ee02-hon-0000773840-23-000013,HONEYWELL INTERNATIONAL INC,growth_language,"YEAR IN REVIEW Sales up 3 % , up 6% on an organic (1) basis, or up 7% on an organic basis excluding lost Russian sales (2) Record backlog of Operating cash flows of $35.5 BILLION $29.6 BILLION $5.3 BILLION as we remain focused on leveraging our robust operating model to deliver growth despite headwinds from inflation, supply chain constraints, and impacts of the Russia-Ukraine conflict as of year-end, demonstrating strong demand in our end markets and positioning us well to convert for future growth as we remain focused on increasing operating cash flows through revenue growth, margin expansion, and improved working capital turnover (1) Organic sales % change and Organic sales % change excluding lost Russian sales are non-GAAP measures.",accept,growth_language,target_company,ambiguous,,true,false,false
0.3.3_new_unseen-014,0.3.3_new_unseen,ee02-hon-0000773840-23-000013,HONEYWELL INTERNATIONAL INC,supply_chain_constraint,"manufactured products/services 19 % 62 % 53 % 37 % Information related to risks related to our foreign operations is included in the section titled Risk Factors under the caption “Macroeconomic and Industry Risks.” RAW MATERIALS The vast majority of principal raw materials used in our operations are readily available; however, during 2022, we experienced supply chain constraints for certain raw materials.",reject,,target_company,actual_current,malformed_fragment,true,false,false
0.3.3_new_unseen-015,0.3.3_new_unseen,ee02-hon-0000773840-23-000013,HONEYWELL INTERNATIONAL INC,supply_chain_constraint,See the section titled Risk Factors for additional information on supply chain constraints.,ambiguous,,target_company,ambiguous,cross_reference,true,false,false
0.3.3_new_unseen-016,0.3.3_new_unseen,ee02-hon-0000773840-23-000013,HONEYWELL INTERNATIONAL INC,supply_chain_constraint,"MACROECONOMIC CONDITIONS Throughout 2022 and continuing into 2023, the global economy experienced and continues to experience significant supply chain disruptions, geopolitical tensions, and inflationary cost pressures.",reject,,target_company,actual_current,industry_context,true,false,false
0.3.3_new_unseen-017,0.3.3_new_unseen,ee02-hon-0000773840-23-000013,HONEYWELL INTERNATIONAL INC,labour_constraint,"Labor shortages continue to place a strain on our operations and the operations of our suppliers, creating challenges in procurement of materials and delivering products and services to our customers.",accept,labour_constraint,target_company,ambiguous,,true,false,false
0.3.3_new_unseen-018,0.3.3_new_unseen,ee02-hon-0000773840-23-000013,HONEYWELL INTERNATIONAL INC,supply_chain_constraint,"We anticipate supply chain constraints and the inflationary environment to continue into 2023, and in response have implemented short-term and long-term strategies to mitigate the impact.",accept,supply_chain_constraint,target_company,actual_current,,true,false,false
0.3.3_new_unseen-019,0.3.3_new_unseen,ee02-hon-0000773840-23-000013,HONEYWELL INTERNATIONAL INC,supply_chain_constraint,"During 2022, the Russia-Ukraine conflict introduced volatility in global financial and energy markets, increasing energy costs and exacerbating existing supply chain constraints, which added to the inflationary pressures in the global economy.",ambiguous,,target_company,ambiguous,industry_context,true,false,false
0.3.3_new_unseen-020,0.3.3_new_unseen,ee02-hon-0000773840-23-000013,HONEYWELL INTERNATIONAL INC,supply_chain_constraint,"See the section titled Review of Business Segments for additional information on the impacts of inflationary cost pressures, supply chain constraints, and labor shortages to our businesses.",ambiguous,,target_company,ambiguous,cross_reference,true,false,false
0.3.3_new_unseen-021,0.3.3_new_unseen,ee02-hpq-0000047217-23-000100,HP INC,cost_reduction,"Structural cost savings represent gross reductions in costs driven by operational efficiency, digital transformation, and portfolio optimization.",reject,,target_company,ambiguous,accounting_definition,true,false,false
0.3.3_new_unseen-022,0.3.3_new_unseen,ee02-hpq-0000047217-23-000100,HP INC,margin_deterioration,"We also have experienced, and may experience in the future, gross margin declines in certain businesses, reflecting the effect of competitive pricing pressures and increases in component and manufacturing costs resulting from higher labor and material costs borne by our manufacturers and suppliers that we are unable to pass on to our customers.",accept,margin_deterioration,target_company,actual_current_with_forecast,,true,false,false
0.3.3_new_unseen-023,0.3.3_new_unseen,ee02-hpq-0000047217-23-000100,HP INC,supply_chain_constraint,• Component shortages.,ambiguous,,target_company,ambiguous,fragment,true,false,false
0.3.3_new_unseen-024,0.3.3_new_unseen,ee02-hpq-0000047217-23-000100,HP INC,demand_weakness,"Price competition often increases during periods of lower demand, including as a result of declining macroeconomic conditions.",reject,,target_company,ambiguous,generic_risk,true,false,false
0.3.3_new_unseen-025,0.3.3_new_unseen,ee02-hpq-0000047217-23-000100,HP INC,restructuring,"For more information about our restructuring plans, see Note 3 to our Consolidated Financial Statements in Item 8.",accept,restructuring,target_company,planned,,true,false,false
0.3.3_new_unseen-026,0.3.3_new_unseen,ee02-hpq-0000047217-23-000100,HP INC,cost_reduction,We exceeded our gross annual run-rate structural cost savings target for fiscal year 2023.,accept,cost_reduction,target_company,ambiguous,,true,false,false
0.3.3_new_unseen-027,0.3.3_new_unseen,ee02-hpq-0000047217-23-000100,HP INC,restructuring,"For more information on our Fiscal 2023 Plan, see Note 3, “Restructuring and Other Charges,” to the Consolidated Financial Statements in Item 1 of Part I of this report, which is incorporated herein by reference.",accept,restructuring,target_company,planned,,true,false,false
0.3.3_new_unseen-028,0.3.3_new_unseen,ee02-hpq-0000047217-23-000100,HP INC,growth_language,"As a result, our net revenue growth has been impacted, and we expect it will continue to be impacted, by fluctuations in foreign currency exchange rates.",reject,,target_company,ambiguous,taxonomy_mismatch,true,false,false
0.3.3_new_unseen-029,0.3.3_new_unseen,ee02-hpq-0000047217-23-000100,HP INC,growth_language,"Operating expenses as a percentage of revenue increased primarily driven by variable compensation and the acquisition of Poly, partially offset by disciplined cost management including reductions in marketing initiatives and Future Ready transformation savings.",reject,,target_company,actual_current,taxonomy_mismatch,true,false,false
0.3.3_new_unseen-030,0.3.3_new_unseen,ee02-hpq-0000047217-23-000100,HP INC,cost_reduction,(5) Cost Savings Plans.,reject,,target_company,planned,heading_only,true,false,false
0.3.2_previous_unseen-001,0.3.2_previous_unseen,ee03-clf-0000764065-23-000032,CLEVELAND-CLIFFS INC.,labour_constraint,"Even though many other employers are facing unprecedented labor shortages, we continued to grow during 2022.",reject,,target_company,current,third_party_context,true,false,false
0.3.2_previous_unseen-002,0.3.2_previous_unseen,ee03-clf-0000764065-23-000032,CLEVELAND-CLIFFS INC.,supply_chain_constraint,"Automotive production and sales are cyclical and sensitive to general economic conditions and other factors, including interest rates, consumer credit, spending and preferences, and supply chain disruptions, such as the current semiconductor shortage.",reject,,target_company,current,generic_risk,true,false,false
0.3.2_previous_unseen-003,0.3.2_previous_unseen,ee03-clf-0000764065-23-000032,CLEVELAND-CLIFFS INC.,operational_disruption,"Similarly, if our key vendors face financial hardship or need to operate in bankruptcy, as we have been experiencing with one of our major steel mill slag services providers since 2022, such vendors could experience operational disruption or even face liquidation, which could result in such vendor defaulting on its obligations to us or in our inability to secure replacement materials or services on a timely basis, or at all, or cause us to incur increased costs to do so.",accept,operational_disruption,target_company,current,,true,false,false
0.3.2_previous_unseen-004,0.3.2_previous_unseen,ee03-clf-0000764065-23-000032,CLEVELAND-CLIFFS INC.,supply_chain_constraint,"In addition, we have experienced, and may continue to experience, supply chain disruptions or operational issues with our vendors or logistics providers, as our suppliers and contractors face similar challenges related to the COVID-19 pandemic, including as a result of new or continued pandemic lockdowns in China.",accept,supply_chain_constraint,target_company,current,,true,false,false
0.3.2_previous_unseen-005,0.3.2_previous_unseen,ee03-clf-0000764065-23-000032,CLEVELAND-CLIFFS INC.,supply_chain_constraint,"Prices for electricity, natural gas, diesel fuel, oils and raw materials can fluctuate widely with availability and demand levels from other users, including fluctuations caused by the impact of recent inflationary pressures, supply chain constraints, the 22",reject,,target_company,current,generic_risk,true,false,false
0.3.2_previous_unseen-006,0.3.2_previous_unseen,ee03-clf-0000764065-23-000032,CLEVELAND-CLIFFS INC.,site_closure,"The closure of a steelmaking or other operating facility or mining operation involves significant closure costs, including reclamation and other environmental costs, the costs of terminating long-term obligations, including customer, energy and transportation contracts and equipment and real property leases, costs associated with the altered tax profile of an idled or closed facility, and certain accounting charges, including asset impairment and accelerated depreciation.",reject,,target_company,current,accounting_or_definition,true,false,false
0.3.2_previous_unseen-007,0.3.2_previous_unseen,ee03-clf-0000764065-23-000032,CLEVELAND-CLIFFS INC.,redundancy,"Cliffs maintains exploration drill hole data in an externally-managed, access-controlled acQuire database that is backed up online at regularly scheduled intervals to provide data redundancy and security.",reject,,target_company,current,wrong_context,true,false,false
0.3.2_previous_unseen-008,0.3.2_previous_unseen,ee03-clf-0000764065-23-000032,CLEVELAND-CLIFFS INC.,demand_weakness,"• These increases were partially offset by a decrease in the distributors and converters market of $1,283 million, or 17%, predominantly due to service center destocking, interest rate hikes driving caution on new business and pricing for metallics declining, which caused weaker demand from service centers for our steel products and large declines in spot steel pricing.",accept,demand_weakness,target_company,current,,true,false,false
0.3.2_previous_unseen-009,0.3.2_previous_unseen,ee03-clf-0000764065-23-000032,CLEVELAND-CLIFFS INC.,demand_weakness,"GROSS MARGIN Gross margin decreased by $2,053 million, or 45%, during the year ended December 31, 2022, as compared to the prior-year, primarily due to: • Increased costs of production (approximately $3.6 billion impact) driven by higher raw materials and utility costs, including natural gas, coal, coke, alloys and scrap, coupled with increased investment in maintenance and labor costs; and • A decrease in sales volumes (approximately $700 million impact) predominantly driven by lower shipments to the distributors and converters end market due to weaker demand.",accept,demand_weakness,target_company,current,,true,false,false
0.3.2_previous_unseen-010,0.3.2_previous_unseen,ee03-clf-0000764065-23-000032,CLEVELAND-CLIFFS INC.,labour_constraint,"CLF 2022 FORM 10-K Table of Contents • unanticipated or higher costs associated with pension and OPEB obligations resulting from changes in the value of plan assets or contribution increases required for unfunded obligations; • uncertain availability or cost of skilled workers to fill critical operational positions and potential labor shortages caused by experienced employee attrition or otherwise, as well as our ability to attract, hire, develop and retain key personnel; • the amount and timing of any repurchases of our common shares; and • potential significant deficiencies or material weaknesses in our internal control over financial reporting.",reject,,target_company,current,malformed_table_fragment,true,false,false
0.3.2_previous_unseen-011,0.3.2_previous_unseen,ee03-cmi-0000026172-23-000005,CUMMINS INC,supply_chain_constraint,"Supply Chain Disruptions We continue to experience supply chain disruptions, increased price levels and related financial impacts reflected as increased cost of sales and inventory holdings.",accept,supply_chain_constraint,target_company,current,,true,false,false
0.3.2_previous_unseen-012,0.3.2_previous_unseen,ee03-cmi-0000026172-23-000005,CUMMINS INC,supply_chain_constraint,Our industry continues to be unfavorably impacted by supply chain constraints leading to shortages and price increases across multiple component categories and limiting our collective ability to meet end-user demand.,accept,supply_chain_constraint,target_company,current,,true,false,false
0.3.2_previous_unseen-013,0.3.2_previous_unseen,ee03-cmi-0000026172-23-000005,CUMMINS INC,supply_chain_constraint,"As we adjust to the current global supply chain challenges, global inflationary pressures and other global macroeconomic forces, we are experiencing supply chain disruptions, incremental costs and related challenges throughout the supply chain.",accept,supply_chain_constraint,target_company,current,,true,false,false
0.3.2_previous_unseen-014,0.3.2_previous_unseen,ee03-cmi-0000026172-23-000005,CUMMINS INC,supply_chain_constraint,The supply chain disruptions are impacting our business as well as our suppliers and customers resulting in longer lead times in some of our businesses.,accept,supply_chain_constraint,target_company,current,,true,false,false
0.3.2_previous_unseen-015,0.3.2_previous_unseen,ee03-cmi-0000026172-23-000005,CUMMINS INC,cost_reduction,"Our research and development programs are focused on product improvements, product extensions, innovations and cost reductions for our customers.",reject,,target_company,current,third_party_context,true,false,false
0.3.2_previous_unseen-016,0.3.2_previous_unseen,ee03-cmi-0000026172-23-000005,CUMMINS INC,supply_chain_constraint,We are experiencing supply chain disruptions and related challenges throughout the supply chain.,accept,supply_chain_constraint,target_company,current,,true,false,false
0.3.2_previous_unseen-017,0.3.2_previous_unseen,ee03-cmi-0000026172-23-000005,CUMMINS INC,demand_weakness,"In periods of weak demand, we may face under-utilized capacity and un-recovered overhead costs, while in periods of strong demand we may experience unplanned costs and could fail to meet customer demand.",reject,,target_company,current,hypothetical_risk,true,false,false
0.3.2_previous_unseen-018,0.3.2_previous_unseen,ee03-cmi-0000026172-23-000005,CUMMINS INC,cost_reduction,"Despite their own engine manufacturing abilities, these customers have historically chosen to outsource certain types of engine production to us due to the quality of our engine products, our emission compliance capabilities, our systems 22 Table of Contents integration, their customers' preferences, their desire for cost reductions, their desire for eliminating production risks and their desire to maintain company focus.",reject,,target_company,current,third_party_context,true,false,false
0.3.2_previous_unseen-019,0.3.2_previous_unseen,ee03-cmi-0000026172-23-000005,CUMMINS INC,demand_weakness,"The ongoing energy transition away from fossil fuels and the increased adoption of electrified powertrains in some market segments could result in lower demand for current diesel or natural gas engines and components and, over time, reduce the demand for related parts and service revenues from diesel or natural gas powertrains.",reject,,target_company,ongoing,hypothetical_risk,true,false,false
0.3.2_previous_unseen-020,0.3.2_previous_unseen,ee03-cmi-0000026172-23-000005,CUMMINS INC,demand_weakness,"Offering engines and services that customers desire and value can mitigate the risks of increasing competition and declining demand, but products and services that are perceived to be less than desirable (whether in terms of price, quality, overall value, fuel efficiency or other attributes) can exacerbate these risks.",reject,,target_company,current,generic_risk,true,false,false
0.3.2_previous_unseen-021,0.3.2_previous_unseen,ee03-dow-0001751788-23-000014,DOW INC.,new_facility,"Mura plans to construct a new facility at Dow's Böhlen site in Germany, the latest in a series of planned facilities across the U.S.",reject,,target_company,planned,third_party_context,true,false,false
0.3.2_previous_unseen-022,0.3.2_previous_unseen,ee03-dow-0001751788-23-000014,DOW INC.,capacity_expansion,The investments will include alkoxylation capacity expansions and finishing capabilities; investments to support growth in polyurethane systems; and efficiency improvements around the world.,accept,capacity_expansion,target_company,planned,,true,false,false
0.3.2_previous_unseen-023,0.3.2_previous_unseen,ee03-dow-0001751788-23-000014,DOW INC.,capacity_expansion,"• On March 30, 2022, Dow announced global capacity expansion in response to growing demand for mobility technologies.",accept,capacity_expansion,target_company,current,,true,false,false
0.3.2_previous_unseen-024,0.3.2_previous_unseen,ee03-dow-0001751788-23-000014,DOW INC.,restructuring,"Board approved restructuring actions (""2023 Restructuring Program"") to achieve the Company's structural cost improvement initiatives in response to the continued economic impact from the global recessionary environment and to enhance its agility and long-term competitiveness across the economic cycle.",accept,restructuring,target_company,planned,,true,false,false
0.3.2_previous_unseen-025,0.3.2_previous_unseen,ee03-dow-0001751788-23-000014,DOW INC.,cost_reduction,"This program includes a global workforce cost reduction, decreasing turnaround spending, actions to rationalize the Company’s manufacturing assets, which includes asset write-down and write-off charges and related contract termination fees.",accept,cost_reduction,target_company,current,,true,false,false
0.3.2_previous_unseen-026,0.3.2_previous_unseen,ee03-dow-0001751788-23-000014,DOW INC.,growth_language,Net sales increased in all operating segments except Industrial Intermediates & Infrastructure and across all geographic regions except EMEAI.,accept,growth_language,target_company,current,,true,false,false
0.3.2_previous_unseen-027,0.3.2_previous_unseen,ee03-dow-0001751788-23-000014,DOW INC.,growth_language,"Excluding the Hydrocarbons & Energy business, sales increased 1 percent.",accept,growth_language,target_company,current,,true,false,false
0.3.2_previous_unseen-028,0.3.2_previous_unseen,ee03-dow-0001751788-23-000014,DOW INC.,restructuring,See Note 5 to the Consolidated Financial Statements for additional information on restructuring and asset related charges.,ambiguous,,target_company,current,accounting_cross_reference,true,false,false
0.3.2_previous_unseen-029,0.3.2_previous_unseen,ee03-dow-0001751788-23-000014,DOW INC.,growth_language,Volume increased in Hydrocarbons & Energy across all geographic regions.,accept,growth_language,target_company,current,,true,false,false
0.3.2_previous_unseen-030,0.3.2_previous_unseen,ee03-dow-0001751788-23-000014,DOW INC.,demand_weakness,Volume decreased in both businesses due to lower demand.,accept,demand_weakness,target_company,current,,true,false,false
0.3.2_five_document-001,0.3.2_five_document,ee03-cat-0000018230-23-000011,CATERPILLAR INC,supply_chain_constraint,"However, in some cases, increases in demand or supply chain disruptions have led to parts and components constraints across some products.",accept,supply_chain_constraint,target_company,current,,true,false,false
0.3.2_five_document-002,0.3.2_five_document,ee03-cat-0000018230-23-000011,CATERPILLAR INC,supply_chain_constraint,and elsewhere and has led to volatility in customer demand for the Company’s products and services and caused supply chain disruptions.,accept,supply_chain_constraint,target_company,current,,true,false,false
0.3.2_five_document-003,0.3.2_five_document,ee03-cat-0000018230-23-000011,CATERPILLAR INC,growth_language,"In Energy & Transportation, we expect sales growth due to strong order rates in most applications.",accept,growth_language,target_company,current,,true,false,false
0.3.2_five_document-004,0.3.2_five_document,ee03-cat-0000018230-23-000011,CATERPILLAR INC,growth_language,"North America sales increased 29 percent driven by favorable price realization, the impact from changes in dealer inventories, increased services and higher sales of equipment to end users.",accept,growth_language,target_company,current,,true,false,false
0.3.2_five_document-005,0.3.2_five_document,ee03-cat-0000018230-23-000011,CATERPILLAR INC,growth_language,"Sales increased 33 percent in Latin America due to higher sales of equipment to end users, favorable price realization and the impact from changes in dealer inventories.",accept,growth_language,target_company,current,,true,false,false
0.3.2_five_document-006,0.3.2_five_document,ee03-cat-0000018230-23-000011,CATERPILLAR INC,growth_language,"EAME sales increased 6 percent due to favorable price realization, the impact from changes in dealer inventories and higher sales of equipment to end users, partially offset by unfavorable currency impacts related to the euro and British pound.",accept,growth_language,target_company,current,,true,false,false
0.3.2_five_document-007,0.3.2_five_document,ee03-cat-0000018230-23-000011,CATERPILLAR INC,growth_language,"Asia/Pacific sales increased 2 percent driven by favorable price realization, the impact from changes in dealer inventories and higher services, partially offset by lower sales of equipment to end users and unfavorable currency impacts related to the Australian dollar and Japanese yen.",accept,growth_language,target_company,current,,true,false,false
0.3.2_five_document-008,0.3.2_five_document,ee03-cat-0000018230-23-000011,CATERPILLAR INC,growth_language,"• In North America, sales increased due to favorable price realization, the impact from changes in dealer inventories, higher sales of equipment to end users and higher sales of aftermarket parts.",accept,growth_language,target_company,current,,true,false,false
0.3.2_five_document-009,0.3.2_five_document,ee03-cat-0000018230-23-000011,CATERPILLAR INC,growth_language,"• In EAME, sales increased due to favorable price realization and the impact from changes in dealer inventories, partially offset by unfavorable currency impacts related to the euro.",accept,growth_language,target_company,current,,true,false,false
0.3.2_five_document-010,0.3.2_five_document,ee03-cat-0000018230-23-000011,CATERPILLAR INC,growth_language,Sales increased across all applications and inter-segment sales.,accept,growth_language,target_company,current,,true,false,false
0.3.2_five_document-011,0.3.2_five_document,ee03-cat-0000018230-23-000011,CATERPILLAR INC,growth_language,• Oil and Gas – Sales increased due to higher sales of reciprocating engine aftermarket parts and engines used in well servicing and gas compression applications.,accept,growth_language,target_company,current,,true,false,false
0.3.2_five_document-012,0.3.2_five_document,ee03-cat-0000018230-23-000011,CATERPILLAR INC,growth_language,• Industrial – Sales increased due to higher demand across all regions.,accept,growth_language,target_company,current,,true,false,false
0.3.2_five_document-013,0.3.2_five_document,ee03-cat-0000018230-23-000011,CATERPILLAR INC,growth_language,"• Transportation – Sales increased primarily in reciprocating aftermarket parts and engines, mostly driven by marine applications.",accept,growth_language,target_company,current,,true,false,false
0.3.2_five_document-014,0.3.2_five_document,ee03-cat-0000018230-24-000053,CATERPILLAR INC,major_investment,We also expect restructuring costs to be approximately $400 million and expect capital expenditures to be around $2.0 billion.,accept,major_investment,target_company,current,,true,false,false
0.3.2_five_document-015,0.3.2_five_document,ee03-cat-0000018230-24-000053,CATERPILLAR INC,growth_language,"Sales increased 6 percent in Latin America mainly due to higher sales volume, partially offset by unfavorable currency impacts, primarily related to the Brazilian real.",accept,growth_language,target_company,current,,true,false,false
0.3.2_five_document-016,0.3.2_five_document,ee03-cat-0000018230-24-000053,CATERPILLAR INC,growth_language,"• Power Generation – Sales increased in large reciprocating engines, primarily data center applications.",accept,growth_language,target_company,current,,true,false,false
0.3.2_five_document-017,0.3.2_five_document,ee03-cat-0000018230-24-000053,CATERPILLAR INC,growth_language,"• Transportation – Sales increased in marine applications, partially offset by lower deliveries of international locomotives.",accept,growth_language,target_company,current,,true,false,false
0.3.2_five_document-018,0.3.2_five_document,ee03-cat-0000018230-24-000053,CATERPILLAR INC,growth_language,"North America sales increased 1 percent primarily due to favorable price realization, partially offset by lower sales volume.",accept,growth_language,target_company,current,,true,false,false
0.3.2_five_document-019,0.3.2_five_document,ee03-cat-0000018230-24-000053,CATERPILLAR INC,growth_language,Sales increased 4 percent in Latin America mainly due to higher sales volume.,accept,growth_language,target_company,current,,true,false,false
0.3.2_five_document-020,0.3.2_five_document,ee03-cat-0000018230-24-000053,CATERPILLAR INC,growth_language,"• Sales increased in Latin America mainly due to higher sales volume, partially offset by unfavorable price realization.",accept,growth_language,target_company,current,,true,false,false
0.3.2_five_document-021,0.3.2_five_document,ee03-cat-0000018230-24-000053,CATERPILLAR INC,growth_language,Sales increased across all applications except Industrial.,accept,growth_language,target_company,current,,true,false,false
0.3.2_five_document-022,0.3.2_five_document,ee03-cat-0000018230-24-000053,CATERPILLAR INC,growth_language,• Oil and Gas – Sales increased for turbines and turbine-related services.,accept,growth_language,target_company,current,,true,false,false
0.3.2_five_document-023,0.3.2_five_document,ee03-cat-0000018230-24-000053,CATERPILLAR INC,growth_language,• Transportation – Sales increased in marine applications and rail services.,accept,growth_language,target_company,current,,true,false,false
0.3.2_five_document-024,0.3.2_five_document,ee03-cat-0000018230-24-000053,CATERPILLAR INC,demand_weakness,"The order backlog increased in Energy & Transportation, while Construction Industries and Resource Industries decreased.",accept,demand_weakness,target_company,current,,true,false,false
0.3.2_five_document-025,0.3.2_five_document,ee03-de-0001558370-23-019812,DEERE & CO,cost_reduction,"Additionally, considerable effort is being directed to manufacturing cost reduction through process improvement and improvements in product design, advanced manufacturing technology, and supply management and logistics, as well as compensation incentives related to productivity and organizational structure.",accept,cost_reduction,target_company,current,,true,false,false
0.3.2_five_document-026,0.3.2_five_document,ee03-de-0001558370-23-019812,DEERE & CO,supply_chain_constraint,We have implemented mitigation efforts to minimize the impact of potential and actual supply chain disruptions on our customers.,accept,supply_chain_constraint,target_company,current,,true,false,false
0.3.2_five_document-027,0.3.2_five_document,ee03-de-0001558370-23-019812,DEERE & CO,demand_weakness,Backlog orders decreased as demand has declined.,accept,demand_weakness,target_company,current,,true,false,false
0.3.2_five_document-028,0.3.2_five_document,ee03-de-0001558370-23-019812,DEERE & CO,operational_disruption,"Changes in the availability and price of certain raw materials, components, and whole goods have resulted and could continue to result in disruptions to the supply chain causing production disruptions, increased costs, and lower profits on sales of our products.",accept,operational_disruption,target_company,current,,true,false,false
0.3.1_78_case-001,0.3.1_78_case,ee03-aapl-0000320193-23-000106,,supply_chain_constraint,many components used by the Company ... are at times subject to industry-wide shortage and significant commodity pricing fluctuations,accept,supply_chain_constraint,,current_or_ongoing,synonym_or_phrase_structure_missing,true,false,false
0.3.1_78_case-002,0.3.1_78_case,ee03-aapl-0000320193-23-000106,,margin_pressure,aggressive price competition and resulting downward pressure on gross margins,accept,margin_pressure,,current_or_ongoing,synonym_or_phrase_structure_missing,true,false,false
0.3.1_78_case-003,0.3.1_78_case,ee03-aapl-0000320193-24-000081,,demand_weakness,Year-over-year Greater China net sales decreased during the first nine months of 2024 due primarily to lower net sales of iPhone and iPad.,accept,demand_weakness,,current_or_ongoing,synonym_or_phrase_structure_missing,true,false,false
0.3.1_78_case-004,0.3.1_78_case,ee03-aapl-0000320193-24-000081,,growth_language,Services net sales increased during the third quarter and first nine months of 2024 ...,accept,growth_language,,current_or_ongoing,synonym_or_phrase_structure_missing,true,false,false
0.3.1_78_case-005,0.3.1_78_case,ee03-alb-0000915913-23-000039,,capacity_expansion,"In particular, the market for lithium battery and energy storage, particularly for electric vehicles (“EVs”), remains strong, providing the opportunity to continue to develop high quality and innovative products while managing the high cost of expanding capacity.",accept,capacity_expansion,,current_or_ongoing,synonym_or_phrase_structure_missing,true,false,false
0.3.1_78_case-006,0.3.1_78_case,ee03-alb-0000915913-23-000039,,major_investment,"we expect our capital expenditures to be between $1.7 billion and $1.9 billion in 2023, primarily for Energy Storage",accept,major_investment,,planned,synonym_or_phrase_structure_missing,true,false,false
0.3.1_78_case-007,0.3.1_78_case,ee03-alb-0000915913-24-000156,,,"issued a press release reporting its results for the third quarter ended September 30, 2024. A copy of this release is being furnished as Exhibit 99.1",ambiguous,,,requires_human_adjudication,incomplete_source,true,false,false
0.3.1_78_case-008,0.3.1_78_case,ee03-ba-0000012927-23-000007,,recovery,"During 2022, commercial services volume at BGS recovered to pre-pandemic levels.",accept,recovery,,current_or_ongoing,synonym_or_phrase_structure_missing,true,false,false
0.3.1_78_case-009,0.3.1_78_case,ee03-ba-0000012927-23-000007,,margin_pressure,"This market environment has resulted in intense pressures on pricing, and we expect these pressures to continue or intensify",accept,margin_pressure,,current_or_ongoing,synonym_or_phrase_structure_missing,true,false,false
0.3.1_78_case-010,0.3.1_78_case,ee03-ba-0000012927-23-000007,,demand_weakness,"BGS total backlog ... decreased by 6% from $20,496 million at December 31, 2021",accept,demand_weakness,,current_or_ongoing,synonym_or_phrase_structure_missing,true,false,false
0.3.1_78_case-011,0.3.1_78_case,ee03-ba-0000012927-24-000082,,operational_disruption,"Commercial airplane cash outflows reflect slowed and/or paused production and lower deliveries as a result of ongoing safety and quality improvement actions ... supply chain constraints, and the ongoing work stoppage",accept,operational_disruption,,current_or_ongoing,synonym_or_phrase_structure_missing,true,false,false
0.3.1_78_case-012,0.3.1_78_case,ee03-ba-0000012927-24-000082,,labour_constraint,the ongoing work stoppage ... has paused production of certain commercial aircraft models ... and is also significantly reducing aircraft deliveries,accept,labour_constraint,,current_or_ongoing,synonym_or_phrase_structure_missing,true,false,false
0.3.1_78_case-013,0.3.1_78_case,ee03-ba-0000012927-24-000082,,redundancy,"on October 11, 2024, we announced that we plan to reduce the size of our total workforce by roughly 10 percent",accept,redundancy,,current_or_ongoing,synonym_or_phrase_structure_missing,true,false,false
0.3.1_78_case-014,0.3.1_78_case,ee03-ba-0000012927-24-000082,,cost_reduction,We are reducing discretionary spending as well as reducing or deferring non-essential capital expenditures.,accept,cost_reduction,,current_or_ongoing,synonym_or_phrase_structure_missing,true,false,false
0.3.1_78_case-015,0.3.1_78_case,ee03-ba-0000012927-24-000082,,liquidity_concern,Moody’s downgraded our short term and long term credit ratings to Baa3/P-3 ... Moody's and S&P placed our ratings on review for downgrade,accept,liquidity_concern,,current_or_ongoing,synonym_or_phrase_structure_missing,true,false,false
0.3.1_78_case-016,0.3.1_78_case,ee03-ba-0000012927-24-000082,,refinancing,"Financing Commitments Financing commitments related to aircraft on order, including options and those proposed in sales campaigns, and refinancing of delivered aircraft, totaled $ 17,379 and $ 17,003 as of September 30, 2024 and December 31, 2023.",ambiguous,,,requires_human_adjudication,unadjudicated_plausible_ai_omission,true,false,false
0.3.1_78_case-017,0.3.1_78_case,ee03-ba-0000012927-24-000082,,supply_chain_constraint,"During the first quarter of 2024, we increased the reach-forward loss by $ 128 , primarily due to factory disruption associated with supply chain constraints.",ambiguous,,,requires_human_adjudication,unadjudicated_plausible_ai_omission,true,false,false
0.3.1_78_case-018,0.3.1_78_case,ee03-ba-0000012927-24-000082,,supply_chain_constraint,"During the second quarter of 2024, we increased the reach-forward loss on the contract by $ 391 , primarily reflecting higher than anticipated factory disruption, including supply chain constraints and parts shortages.",ambiguous,,,requires_human_adjudication,unadjudicated_plausible_ai_omission,true,false,false
0.3.1_78_case-019,0.3.1_78_case,ee03-ba-0000012927-24-000082,,new_facility,We will be initiating final assembly operations at our new facility at Mid-America St.,ambiguous,,,requires_human_adjudication,unadjudicated_plausible_ai_omission,true,false,false
0.3.1_78_case-020,0.3.1_78_case,ee03-ba-0000012927-24-000082,,supply_chain_constraint,"44 Table of Contents Supply Chain We and our suppliers are experiencing inflationary pressures, as well as supply chain disruptions as a result of global supply chain constraints and labor instability.",ambiguous,,,requires_human_adjudication,unadjudicated_plausible_ai_omission,true,false,false
0.3.1_78_case-021,0.3.1_78_case,ee03-ba-0000012927-24-000082,,supply_chain_constraint,"787 Program During the first quarter of 2024, we disclosed that we were slowing near-term production to below 5 per month due to supply chain constraints.",ambiguous,,,requires_human_adjudication,unadjudicated_plausible_ai_omission,true,false,false
0.3.1_78_case-022,0.3.1_78_case,ee03-ba-0000012927-24-000082,,supply_chain_constraint,The program continues to experience supply chain constraints and production issues.,ambiguous,,,requires_human_adjudication,unadjudicated_plausible_ai_omission,true,false,false
0.3.1_78_case-023,0.3.1_78_case,ee03-ba-0000012927-24-000082,,restructuring,"If we continue to require cash to fund our operations or require additional funding in order to pay off existing debt, address further impacts to our business related to the strike by IAM 751 or market developments, fund outstanding financing commitments or meet other business requirements, we may need to refinance or restructure our debt, reduce or delay capital investments, or seek to raise additional capital including through the issuance of equity or equity-linked securities, and these activities could have terms that are unfavorable or could be dilutive.",reject,,,hypothetical_or_irrelevant,hypothetical_risk,true,false,false
0.3.1_78_case-024,0.3.1_78_case,ee03-ba-0000012927-24-000082,,refinancing,"If we continue to require cash to fund our operations or require additional funding in order to pay off existing debt, address further impacts to our business related to the strike by IAM 751 or market developments, fund outstanding financing commitments or meet other business requirements, we may need to refinance or restructure our debt, reduce or delay capital investments, or seek to raise additional capital including through the issuance of equity or equity-linked securities, and these activities could have terms that are unfavorable or could be dilutive.",reject,,,hypothetical_or_irrelevant,hypothetical_risk,true,false,false
0.3.1_78_case-025,0.3.1_78_case,ee03-ba-0000012927-23-000007,,cost_reduction,We are focused on improving our products and processes and continuing cost reduction efforts.,ambiguous,,,requires_human_adjudication,unadjudicated_plausible_ai_omission,true,false,false
0.3.1_78_case-026,0.3.1_78_case,ee03-ba-0000012927-23-000007,,supply_chain_constraint,"We and our suppliers are experiencing supply chain disruptions as a result of the lingering impacts of COVID-19, global supply chain constraints, and labor instability.",ambiguous,,,requires_human_adjudication,unadjudicated_plausible_ai_omission,true,false,false
0.3.1_78_case-027,0.3.1_78_case,ee03-ba-0000012927-23-000007,,supply_chain_constraint,"Many of our suppliers are experiencing inflationary pressures, as well as disruptions due to the lingering impacts of COVID-19, global supply chain constraints, and labor instability.",ambiguous,,,requires_human_adjudication,unadjudicated_plausible_ai_omission,true,false,false
0.3.1_78_case-028,0.3.1_78_case,ee03-ba-0000012927-23-000007,,cost_reduction,"While fixed-price contracts enable us to benefit from performance improvements, cost reductions and efficiencies, they also subject us to the risk of reduced margins or incurring losses if we are unable to achieve estimated costs and revenues.",reject,,,hypothetical_or_irrelevant,hypothetical_risk,true,false,false
0.3.1_78_case-029,0.3.1_78_case,ee03-ba-0000012927-23-000007,,supply_chain_constraint,"These factors include continued production disruption due to labor instability and supply chain disruption, customer negotiations, further production rate adjustments for the 777X or other commercial aircraft programs, contraction of the accounting quantity and potential risks associated with the testing program and the timing of aircraft certification.",reject,,,hypothetical_or_irrelevant,contextual_false_positive,true,false,false
0.3.1_78_case-030,0.3.1_78_case,ee03-ba-0000012927-23-000007,,supply_chain_constraint,The increase was primarily driven by a decision in the fourth quarter of 2022 to slow down near-term production due to supply chain constraints and increased inspection and rework costs.,ambiguous,,,requires_human_adjudication,unadjudicated_plausible_ai_omission,true,false,false
0.3.1_78_case-031,0.3.1_78_case,ee03-ba-0000012927-23-000007,,growth_language,Continued access to global markets remains vital to our ability to fully realize our sales growth potential and long-term investment returns.,ambiguous,,,requires_human_adjudication,unadjudicated_plausible_ai_omission,true,false,false
0.3.1_78_case-032,0.3.1_78_case,ee03-ba-0000012927-23-000007,,refinancing,"While we may be required to fund a number of new aircraft deliveries in 2023 and/or provide refinancing for existing bridge debt, we expect alternative financing will be available at reasonable prices from broad and globally diverse sources.",reject,,,hypothetical_or_irrelevant,hypothetical_risk,true,false,false
0.3.1_78_case-033,0.3.1_78_case,ee03-ba-0000012927-23-000007,,refinancing,"(Dollars in millions) Total Amounts Committed/Maximum Amount of Loss Less than 1 year 1-3 years 4-5 years After 5 years Standby letters of credit and surety bonds $5,070 $3,859 $1,036 $10 $165 Commercial aircraft financing commitments 16,105 3,084 5,989 4,075 2,957 Total commercial commitments $21,175 $6,943 $7,025 $4,085 $3,122 Commercial aircraft financing commitments include commitments to provide financing related to aircraft on order, under option for deliveries or proposed as part of sales campaigns or refinancing with respect to delivered aircraft, based on estimated earliest potential funding dates.",ambiguous,,,requires_human_adjudication,unadjudicated_plausible_ai_omission,true,false,false
0.3.1_78_case-034,0.3.1_78_case,ee03-ba-0000012927-23-000007,,refinancing,"84 Table of Contents Financing Commitments Financing commitments related to aircraft on order, including options and those proposed in sales campaigns, and refinancing of delivered aircraft, totaled $ 16,105 and $ 12,905 as of December 31, 2022 and 2021.",ambiguous,,,requires_human_adjudication,unadjudicated_plausible_ai_omission,true,false,false
0.3.1_78_case-035,0.3.1_78_case,ee03-ba-0000012927-23-000007,,supply_chain_constraint,"During the year ended December 31, 2022, we increased the reach-forward loss on the KC-46A Tanker program by $ 1,374 primarily reflecting higher production and supply chain costs partially driven by labor instability and supply chain disruption, most of which was recorded during the third quarter of 2022.",ambiguous,,,requires_human_adjudication,unadjudicated_plausible_ai_omission,true,false,false
0.3.1_78_case-036,0.3.1_78_case,ee03-ba-0000012927-23-000007,,supply_chain_constraint,The increase in production costs was primarily driven by factory unit time performance expectations that assume continued production disruption due to labor instability and supply chain disruption.,ambiguous,,,requires_human_adjudication,unadjudicated_plausible_ai_omission,true,false,false
0.3.1_78_case-037,0.3.1_78_case,ee03-ba-0000012927-23-000007,,supply_chain_constraint,"We increased the estimated reach-forward loss by $ 552 during the year ended December 31, 2022 primarily driven by ongoing supply chain negotiations (which are impacted by supply chain constraints and inflationary pressures), and design revisions, as well as an increase in the number of expected units in the initial production lots.",ambiguous,,,requires_human_adjudication,unadjudicated_plausible_ai_omission,true,false,false
0.3.1_78_case-038,0.3.1_78_case,ee03-ba-0000012927-23-000007,,supply_chain_constraint,"The ongoing effects of macroeconomic challenges, including supply chain disruption, labor shortages, and inflationary pressures compound these complexities and related financial risks.",reject,,,hypothetical_or_irrelevant,contextual_false_positive,true,false,false
0.3.1_78_case-039,0.3.1_78_case,ee03-ba-0000012927-23-000007,,labour_constraint,"The ongoing effects of macroeconomic challenges, including supply chain disruption, labor shortages, and inflationary pressures compound these complexities and related financial risks.",reject,,,hypothetical_or_irrelevant,contextual_false_positive,true,false,false
0.3.1_78_case-040,0.3.1_78_case,ee03-ba-0000012927-23-000007,,supply_chain_constraint,"• We evaluated the reasonableness of judgments made and significant assumptions used by management relating to key cost and schedule estimates, including the effects of supply chain disruptions, labor shortages, and inflationary pressures.",ambiguous,,,requires_human_adjudication,unadjudicated_plausible_ai_omission,true,false,false
0.3.1_78_case-041,0.3.1_78_case,ee03-ba-0000012927-23-000007,,labour_constraint,"• We evaluated the reasonableness of judgments made and significant assumptions used by management relating to key cost and schedule estimates, including the effects of supply chain disruptions, labor shortages, and inflationary pressures.",ambiguous,,,requires_human_adjudication,unadjudicated_plausible_ai_omission,true,false,false
0.3.1_78_case-042,0.3.1_78_case,ee03-ba-0000012927-23-000007,,supply_chain_constraint,"Program Accounting Revenue Estimates for the 787 Program — Refer to Notes 1, 7, and 22 to the financial statements Critical Audit Matter Description Production quality issues and supply chain disruption for the 787 program have resulted in increased risk associated with forecasted revenue estimates primarily due to the difficulty in assessing the value of consideration expected to be provided to customers as a result of delivery delays.",reject,,,hypothetical_or_irrelevant,contextual_false_positive,true,false,false
0.3.1_78_case-043,0.3.1_78_case,ee03-ba-0000012927-23-000007,,supply_chain_constraint,"How the Critical Audit Matter Was Addressed in the Audit Our audit procedures related to the estimated revenues for the 787 program included the following, among others: • We inquired of management, including operational and supply chain leadership, to assess the assumptions related to the supply chain disruption impacts on the delivery schedule and the estimated timeline for completion of rework.",ambiguous,,,requires_human_adjudication,unadjudicated_plausible_ai_omission,true,false,false
0.3.1_78_case-044,0.3.1_78_case,ee03-ba-0000012927-23-000007,,supply_chain_constraint,"• We evaluated the appropriateness and consistency of management’s method used in developing the delivery schedule assumptions, including the impact of production quality issues and supply chain disruption.",ambiguous,,,requires_human_adjudication,unadjudicated_plausible_ai_omission,true,false,false
0.3.1_78_case-045,0.3.1_78_case,ee03-aapl-0000320193-23-000106,,restructuring,"Restrictive measures can require the Company to take various actions, including changing suppliers, restructuring business relationships, and ceasing to offer third-party applications on its platforms.",ambiguous,,,requires_human_adjudication,unadjudicated_plausible_ai_omission,true,false,false
0.3.1_78_case-046,0.3.1_78_case,ee03-aapl-0000320193-23-000106,,redundancy,"System upgrades, redundancy and other continuity measures may be ineffective or inadequate, and the Company’s or its vendors’ business continuity and disaster recovery planning may not be sufficient for all eventualities.",reject,,,hypothetical_or_irrelevant,taxonomy_overreach,true,false,false
0.3.1_78_case-047,0.3.1_78_case,ee03-aapl-0000320193-23-000106,,cost_reduction,"dollar and lower Products volume, partially offset by cost savings and a different Products mix.",ambiguous,,,requires_human_adjudication,unadjudicated_plausible_ai_omission,true,false,false
0.3.1_78_case-048,0.3.1_78_case,ee03-aapl-0000320193-23-000106,,cost_reduction,"Products gross margin percentage increased during 2023 compared to 2022 due to cost savings and a different Products mix, partially offset by the weakness in foreign currencies relative to the U.S.",ambiguous,,,requires_human_adjudication,unadjudicated_plausible_ai_omission,true,false,false
0.3.1_78_case-049,0.3.1_78_case,ee03-alb-0000915913-23-000039,,growth_language,"Research and Development We believe that in order to generate revenue growth, maintain our margins and remain competitive, we must continually invest in research and development, product and process improvements and specialized customer services.",ambiguous,,,requires_human_adjudication,unadjudicated_plausible_ai_omission,true,false,false
0.3.1_78_case-050,0.3.1_78_case,ee03-alb-0000915913-23-000039,,restructuring,"For example, most of our employees in Europe are represented by works councils that must approve any changes in conditions of employment, including salaries and benefits and staff changes, and may impede efforts to restructure our workforce.",reject,,,hypothetical_or_irrelevant,hypothetical_risk,true,false,false
0.3.1_78_case-051,0.3.1_78_case,ee03-alb-0000915913-23-000039,,refinancing,"If we are unable to service our debt obligations, we may need to refinance all or a portion of our indebtedness on or before maturity, reduce or delay capital expenditures, sell assets or raise additional equity.",reject,,,hypothetical_or_irrelevant,hypothetical_risk,true,false,false
0.3.1_78_case-052,0.3.1_78_case,ee03-alb-0000915913-23-000039,,refinancing,"Our inability to generate sufficient cash flow or use existing cash balances to satisfy our debt obligations, or to refinance our obligations on commercially reasonable terms, could have a material adverse effect on our business and financial condition.",reject,,,hypothetical_or_irrelevant,hypothetical_risk,true,false,false
0.3.1_78_case-053,0.3.1_78_case,ee03-alb-0000915913-23-000039,,supply_chain_constraint,"We have experienced, and may continue to experience, volatility and increases in the price of certain raw materials and in transportation and energy costs as a result of global market and supply chain disruptions and the broader inflationary environment.",reject,,,hypothetical_or_irrelevant,hypothetical_risk,true,false,false
0.3.1_78_case-054,0.3.1_78_case,ee03-alb-0000915913-23-000039,,cost_reduction,"If we are unable to increase the prices to our customers of our products to offset inflationary cost trends, or if we are unable to achieve cost savings to offset such cost increases, we could fail to meet our cost expectations, and our profits and operating results could be adversely affected.",reject,,,hypothetical_or_irrelevant,hypothetical_risk,true,false,false
0.3.1_78_case-055,0.3.1_78_case,ee03-alb-0000915913-23-000039,,simplification,"Therefore, as a simplification, to calculate mineral resources, exclusive of reserves, the quantity of lithium pumped in the life of mine plan was subtracted from the overall resource without modification to lithium concentration.",reject,,,hypothetical_or_irrelevant,taxonomy_overreach,true,false,false
0.3.1_78_case-056,0.3.1_78_case,ee03-alb-0000915913-23-000039,,restructuring,"Narwold served as Special Counsel with Kelley Drye & Warren LLP and with Symmetry Advisors where she worked in the areas of strategic, financial and capital structure planning and restructuring for public and private companies.",reject,,,hypothetical_or_irrelevant,biography,true,false,false
0.3.1_78_case-057,0.3.1_78_case,ee03-alb-0000915913-23-000039,,restructuring,"Barichivich began his career at Georgia Pacific, where he worked as an internal auditor and was a financial analyst supporting the restructuring of the Distribution Division.",reject,,,hypothetical_or_irrelevant,biography,true,false,false
0.3.1_78_case-058,0.3.1_78_case,ee03-alb-0000915913-23-000039,,cost_reduction,"We believe our disciplined cost reduction efforts and ongoing productivity improvements, among other factors, position us well to take advantage of strengthening economic conditions as they occur, while softening the negative impact of the current challenging global economic environment.",ambiguous,,,requires_human_adjudication,unadjudicated_plausible_ai_omission,true,false,false
0.3.1_78_case-059,0.3.1_78_case,ee03-alb-0000915913-23-000039,,new_facility,"We anticipate that innovations from the new site will enhance lithium recovery, improve production methods, and introduce new forms of lithium to enable breakthrough levels of battery performance.",ambiguous,,,requires_human_adjudication,unadjudicated_plausible_ai_omission,true,false,false
0.3.1_78_case-060,0.3.1_78_case,ee03-alb-0000915913-23-000039,,capacity_expansion,"In particular, the market for lithium battery and energy storage, particularly for electric vehicles (“EVs”), remains strong, providing the opportunity to continue to develop high quality and innovative products while managing the high cost of expanding capacity.",ambiguous,,,requires_human_adjudication,unadjudicated_plausible_ai_omission,true,false,false
0.3.1_78_case-061,0.3.1_78_case,ee03-alb-0000915913-23-000039,,cost_reduction,"In addition, Specialties’ ongoing cost savings initiatives and higher pricing are expected to offset higher freight and raw material costs such as lithium chloride.",ambiguous,,,requires_human_adjudication,unadjudicated_plausible_ai_omission,true,false,false
0.3.1_78_case-062,0.3.1_78_case,ee03-alb-0000915913-23-000039,,restructuring,"These non-operating, non-recurring or unusual items may include acquisition and integration-related costs, gains or losses on sales of businesses, restructuring charges, facility divestiture charges, certain litigation and arbitration costs and charges, non-operating pension and OPEB items and other significant non-recurring items.",reject,,,hypothetical_or_irrelevant,generic_boilerplate,true,false,false
0.3.1_78_case-063,0.3.1_78_case,ee03-alb-0000915913-23-000039,,site_closure,"• SG&A - $4.3 million related to facility closure expenses of offices in Germany, $2.8 million of charges for environmental reserves at sites not part of our operations, $2.8 million of shortfall contributions for our multiemployer plan financial improvement plan, $1.9 million of expense primarily related to one-time retention payments for certain employees during the Catalysts strategic review, partially offset by $4.3 million of gains from the sale of legacy properties not part of our operations.",ambiguous,,,requires_human_adjudication,unadjudicated_plausible_ai_omission,true,false,false
0.3.1_78_case-064,0.3.1_78_case,ee03-alb-0000915913-23-000039,,site_closure,"(e) In 2021, we recorded facility closure related to offices in Germany, and severance expenses in Germany and Belgium, in SG&A.",ambiguous,,,requires_human_adjudication,unadjudicated_plausible_ai_omission,true,false,false
0.3.1_78_case-065,0.3.1_78_case,ee03-alb-0000915913-23-000039,,growth_language,"Future cash flows for all reporting units include assumptions about revenue growth rates, adjusted EBITDA margins, discount rate as well as other economic or industry-related factors.",reject,,,hypothetical_or_irrelevant,generic_boilerplate,true,false,false
0.3.1_78_case-066,0.3.1_78_case,ee03-alb-0000915913-23-000039,,growth_language,"For the Refining Solutions reporting unit, the revenue growth rates, adjusted EBITDA margins and the discount rate were deemed to be significant assumptions.",reject,,,hypothetical_or_irrelevant,contextual_false_positive,true,false,false
0.3.1_78_case-067,0.3.1_78_case,ee03-alb-0000915913-23-000039,,refinancing,"We have the ability and intent to refinance our borrowings under our other existing credit lines with borrowings under the 2018 Credit Agreement, as applicable.",ambiguous,,,requires_human_adjudication,unadjudicated_plausible_ai_omission,true,false,false
0.3.1_78_case-068,0.3.1_78_case,ee03-alb-0000915913-23-000039,,cost_reduction,"Our main focus in the short-term, during the continued uncertainty surrounding the global economy, including caused by the ongoing COVID-19 pandemic and recent inflationary trends, is to continue to maintain financial flexibility by continuing our cost savings initiative, while still protecting our employees and customers, committing to shareholder returns and maintaining an investment grade rating.",ambiguous,,,requires_human_adjudication,unadjudicated_plausible_ai_omission,true,false,false
0.3.1_78_case-069,0.3.1_78_case,ee03-alb-0000915913-23-000039,,refinancing,"Federal Reserve or similar national reserve banks in other countries decide to continue tightening the monetary supply, we may incur increased borrowing costs (as interest rates increase on our variable rate credit facilities, as our various credit facilities mature or as we refinance any maturing fixed rate debt obligations), although these cost increases would be partially offset by increased income rates on portions of our cash deposits.",reject,,,hypothetical_or_irrelevant,hypothetical_risk,true,false,false
0.3.1_78_case-070,0.3.1_78_case,ee03-alb-0000915913-23-000039,,growth_language,"Management’s cash flow projections for the Refining Solutions reporting unit included significant judgment and assumptions relating to revenue growth rates, adjusted EBITDA margins and the discount rate.",ambiguous,,,requires_human_adjudication,unadjudicated_plausible_ai_omission,true,false,false
0.3.1_78_case-071,0.3.1_78_case,ee03-alb-0000915913-23-000039,,growth_language,"The principal considerations for our determination that performing procedures relating to the goodwill impairment assessment of the Refining Solutions reporting unit is a critical audit matter are (i) the significant judgment by management when developing the fair value measurement of the reporting unit; (ii) a high degree of auditor judgment, subjectivity, and effort in performing procedures and evaluating management’s significant assumptions related to revenue growth rates, adjusted EBITDA margins, and the discount rate; and (iii) the audit effort involved the use of professionals with specialized skill and knowledge.",ambiguous,,,requires_human_adjudication,unadjudicated_plausible_ai_omission,true,false,false
0.3.1_78_case-072,0.3.1_78_case,ee03-alb-0000915913-23-000039,,growth_language,"These procedures also included, among others (i) testing management’s process for developing the fair value estimate of the Refining Solutions reporting unit; (ii) evaluating the appropriateness of the discounted cash flow model; (iii) testing the completeness and accuracy of underlying data used in the model; and (iv) evaluating the significant assumptions used by management related to the revenue growth rates, adjusted EBITDA margins, and the discount rate.",ambiguous,,,requires_human_adjudication,unadjudicated_plausible_ai_omission,true,false,false
0.3.1_78_case-073,0.3.1_78_case,ee03-alb-0000915913-23-000039,,growth_language,Evaluating management’s assumptions related to the revenue growth rates and adjusted EBITDA margins involved evaluating whether the assumptions used by management were reasonable considering (i) the current and past performance of the reporting unit; (ii) the consistency with external economic and industry data; and (iii) whether these assumptions were consistent with evidence obtained in other areas of the audit.,ambiguous,,,requires_human_adjudication,unadjudicated_plausible_ai_omission,true,false,false
0.3.1_78_case-074,0.3.1_78_case,ee03-alb-0000915913-23-000039,,new_facility,The grant will be received over the life of the construction period for the new facility (projected as 2023 to 2026) as reimbursement for capital expenditures.,ambiguous,,,requires_human_adjudication,unadjudicated_plausible_ai_omission,true,false,false
0.3.1_78_case-075,0.3.1_78_case,ee03-alb-0000915913-23-000039,,refinancing,"At December 31, 2022 and 2021, we had the ability and intent to refinance our borrowings under our other existing credit lines with borrowings under the 2018 Credit Agreement.",ambiguous,,,requires_human_adjudication,unadjudicated_plausible_ai_omission,true,false,false
0.3.1_78_case-076,0.3.1_78_case,ee03-alb-0000915913-23-000039,,restructuring,"These non-operating, non-recurring or unusual items may include acquisition and integration related costs, gains or losses on sales of businesses, restructuring charges, facility divestiture charges, certain litigation and arbitration costs and charges, non-operating pension and OPEB items and other significant non-recurring items.",reject,,,hypothetical_or_irrelevant,duplicate,true,false,false
0.3.1_78_case-077,0.3.1_78_case,ee03-alb-0000915913-23-000039,,site_closure,"• SG&A - $ 4.3 million primarily related to facility closure expenses of offices in Germany, $ 2.8 million of charges for environmental reserves at sites not part of our operations, $ 2.8 million of shortfall contributions for our multiemployer plan financial improvement plan, $ 1.9 million of expense related to one-time retention payments for certain employees during the Catalysts strategic review, partially offset by $ 4.3 million of gains from the sale of legacy properties not part of our operations.",reject,,,hypothetical_or_irrelevant,duplicate,true,false,false
0.3.1_78_case-078,0.3.1_78_case,ee03-aapl-0000320193-24-000081,,cost_reduction,"Year-over-year Products gross margin percentage increased during the first nine months of 2024 due primarily to cost savings, partially offset by a different Products mix and the weakness in foreign currencies relative to the U.S.",ambiguous,,,requires_human_adjudication,unadjudicated_plausible_ai_omission,true,false,false
0.3.2_table_historical-001,0.3.2_table_historical,ee03-cat-0000018230-23-000011,,cost_reduction,"Increases in the prices of such commodities would increase our costs, negatively impacting our business, results of operations and financial condition if we are unable to fully offset the effect of these increased costs through price increases, productivity improvements or cost reduction programs.",reject,,,ambiguous,hypothetical_risk,true,false,false
0.3.2_table_historical-002,0.3.2_table_historical,ee03-cat-0000018230-23-000011,,restructuring,"The increase was primarily due to favorable price realization and higher sales volume, partially offset by unfavorable manufacturing costs , a goodwill impairment charge, higher selling, general and administrative (SG&A) and research and development (R&D) expenses, lower mark-to-market gains for remeasurement of pension and other postemployment benefit (OPEB) plans and higher restructuring costs.",reject,,,ambiguous,taxonomy_overreach,true,false,false
0.3.2_table_historical-003,0.3.2_table_historical,ee03-cat-0000018230-23-000011,,supply_chain_constraint,"Global Business Conditions We continue to monitor a variety of external factors around the world, such as supply chain disruptions, inflationary cost and labor pressures.",ambiguous,,,ambiguous,generic_boilerplate,true,false,false
0.3.2_table_historical-004,0.3.2_table_historical,ee03-cat-0000018230-23-000011,,restructuring,"In 2022, the company took a goodwill impairment charge of $925 million and restructuring costs of $193 million related to the Rail division, both primarily non-cash items.",reject,,,historical,historical_table,true,false,false
0.3.2_table_historical-005,0.3.2_table_historical,ee03-cat-0000018230-23-000011,,restructuring,$180 million of the total Rail restructuring costs were recognized in the fourth quarter of 2022.,reject,,,historical,historical_table,true,false,false
0.3.2_table_historical-006,0.3.2_table_historical,ee03-cat-0000018230-23-000011,,restructuring,The restructuring costs were primarily related to write-downs in the value of inventory.,reject,,,historical,historical_table,true,false,false
0.3.2_table_historical-007,0.3.2_table_historical,ee03-cat-0000018230-23-000011,,restructuring,"Corporate Items and Eliminations Expense for corporate items and eliminations was $2.409 billion in 2022, an increase of $929 million from 2021, primarily driven by a goodwill impairment charge and higher restructuring costs, partially offset by favorable impacts of segment reporting methodology and a favorable change in fair value adjustments related to deferred compensation plans.",reject,,,historical,historical_table,true,false,false
0.3.2_table_historical-008,0.3.2_table_historical,ee03-cat-0000018230-23-000011,,restructuring,"We expect that prior restructuring actions will result in an incremental benefit to operating costs, primarily Costs of goods sold and SG&A expenses of about $100 million in 2023 compared with 2022.",reject,,,historical,historical_table,true,false,false
0.3.2_table_historical-009,0.3.2_table_historical,ee03-cat-0000018230-23-000011,,restructuring,"Restructuring costs for 2022, 2021 and 2020 were as follows: (Millions of dollars) 2022 2021 2020 Employee separations 1 $ 77 $ 92 $ 271 Contract terminations 1 1 2 2 Long-lived asset impairments 1 6 ( 63 ) 38 Other 2 215 59 43 Total restructuring costs $ 299 $ 90 $ 354 1 Recognized in Other operating (income) expenses.",reject,,,historical,historical_table,true,false,false
0.3.2_table_historical-010,0.3.2_table_historical,ee03-cat-0000018230-23-000011,,restructuring,"2 Represents costs related to our restructuring programs, primarily for inventory write-downs, accelerated depreciation, equipment relocation, project management and building demolition, all of which are primarily included in Cost of goods sold.",reject,,,historical,historical_table,true,false,false
0.3.2_table_historical-011,0.3.2_table_historical,ee03-cat-0000018230-23-000011,,restructuring,"The restructuring costs in 2022 were primarily related to actions across the company, including $ 193 million related to the Rail division that was primarily inventory write-downs, and other strategic actions to address a small number of products.",reject,,,historical,historical_table,true,false,false
0.3.2_table_historical-012,0.3.2_table_historical,ee03-cat-0000018230-23-000011,,restructuring,"121 Table of Contents In 2022 and 2021, all restructuring costs were excluded from segment profit.",reject,,,historical,historical_table,true,false,false
0.3.2_table_historical-013,0.3.2_table_historical,ee03-cat-0000018230-23-000011,,restructuring,"Restructuring costs included in segment profit were as follows: (Millions of dollars) 2020 Construction Industries $ 13 Resource Industries 19 Energy & Transportation 55 Financial Products Segment — The following table summarizes the 2022 and 2021 employee separation activity: (Millions of dollars) 2022 2021 Liability balance, beginning of period $ 61 $ 164 Increase in liability (separation charges) 77 92 Reduction in liability (payments) ( 99 ) ( 195 ) Liability balance, end of period $ 39 $ 61 Most of the remaining liability balance as of December 31, 2022 is expected to be paid in 2023.",reject,,,ambiguous,malformed_table_fragment,true,false,false
0.3.2_table_historical-014,0.3.2_table_historical,ee03-cat-0000018230-24-000053,,supply_chain_constraint,"Global Business Conditions We continue to monitor a variety of external factors around the world, such as supply chain disruptions, inflationary cost and labor pressures.",ambiguous,,,ambiguous,generic_boilerplate,true,false,false
0.3.2_table_historical-015,0.3.2_table_historical,ee03-cat-0000018230-24-000053,,restructuring,"Lower corporate costs were more than offset by an unfavorable change in fair value adjustments related to deferred compensation plans, increased expenses due to timing differences, unfavorable impacts of segment reporting methodology differences and higher restructuring costs.",ambiguous,,,ambiguous,narrative_table_mismatch,true,false,false
0.3.2_table_historical-016,0.3.2_table_historical,ee03-cat-0000018230-24-000053,,restructuring,"59 Table of Contents Corporate Items and Eliminations Expense for corporate items and eliminations was $1.484 billion for the nine months ended September 30, 2024, a decrease of $122 million from the nine months ended September 30, 2023, primarily driven by the absence of the impact of the divestiture of the company's Longwall business in 2023, partially offset by unfavorable impacts of segment reporting methodology differences and higher restructuring costs.",ambiguous,,,ambiguous,narrative_table_mismatch,true,false,false
0.3.2_table_historical-017,0.3.2_table_historical,ee03-cat-0000018230-24-000053,,restructuring,"We expect that prior restructuring actions will result in an incremental benefit to operating costs, primarily Cost of goods sold and SG&A expenses, of about $40 million in 2024 compared with 2023.",reject,,,historical,historical_table,true,false,false
0.3.2_table_historical-018,0.3.2_table_historical,ee03-cat-0000018230-24-000053,,restructuring,"entities in 2024, (ii) other restructuring income/costs, (iii) restructuring costs related to the divestiture of the company's Longwall business in 2023 and (iv) certain deferred tax valuation allowance adjustments in 2023.",ambiguous,,,ambiguous,narrative_table_mismatch,true,false,false
0.3.2_table_historical-019,0.3.2_table_historical,ee03-cat-0000018230-24-000053,,restructuring,"entities 164 0.3 % 164 54 110 0.22 Other restructuring (income) costs 158 0.3 % 158 36 122 0.26 Nine Months Ended September 30, 2024 - Adjusted $ 10,470 21.5 % $ 10,452 $ 2,256 $ 8,233 $ 16.75 Nine Months Ended September 30, 2023 - U.S.",reject,,,ambiguous,malformed_table_fragment,true,false,false
0.3.2_table_historical-020,0.3.2_table_historical,ee03-cat-0000018230-24-000053,,restructuring,"GAAP $ 3,098 $ 642 20.7 % Changes in estimates related to prior years — 47 Excess stock-based compensation — 7 Annual effective tax rate, excluding discrete items $ 3,098 $ 696 22.5 % Changes in estimates related to prior years — (47) Excess stock-based compensation — (7) Other restructuring (income) costs 70 16 Three Months Ended September 30, 2024 - Adjusted $ 3,168 $ 658 Three Months Ended September 30, 2023 - U.S.",reject,,,ambiguous,malformed_table_fragment,true,false,false
0.3.2_table_historical-021,0.3.2_table_historical,ee03-cat-0000018230-24-000053,,restructuring,"entities 164 54 Changes in estimates related to prior years — 47 Excess stock-based compensation — 49 Annual effective tax rate, excluding discrete items $ 10,294 $ 2,316 22.5 % Changes in estimates related to prior years — (47) Excess stock-based compensation — (49) Other restructuring (income) costs 158 36 Nine Months Ended September 30, 2024 - Adjusted $ 10,452 $ 2,256 Nine Months Ended September 30, 2023 - U.S.",reject,,,ambiguous,malformed_table_fragment,true,false,false
0.3.2_table_historical-022,0.3.2_table_historical,ee03-de-0001558370-23-019812,,labour_constraint,"3 Table of Contents Production and Precision Agriculture As compared with fiscal year 2022, PPA net sales for fiscal year 2023 were: ​ ​ ​ ​ ​ (In millions of dollars) 2023 2022 % Change Net Sales $26,790 $22,002 22% ​ The PPA segment is committed to meeting the fundamental needs of our customers through a combination of equipment and technology designed to enable our customers to overcome some of their biggest challenges: doing more with less, labor shortages, volatile input costs, and executing jobs in tighter timeframes.",reject,,,ambiguous,malformed_table_fragment,true,false,false
0.3.2_table_historical-023,0.3.2_table_historical,ee03-de-0001558370-23-019812,,supply_chain_constraint,Financial Services Outlook for 2024 ​ ​ ​ ​ ​ ​ ​ ​ Net Income ​ Up moderately ​ + Nonrecurring prior period special items ​ Favorable ​ + Higher average portfolio ​ Favorable ​ (-) Financing spreads ​ Unfavorable ​ (-) Recoveries on operating lease dispositions ​ Unfavorable ​ Additional Trends – We experienced supply chain disruptions and inflationary pressures in 2022.,reject,,,ambiguous,malformed_table_fragment,true,false,false
0.3.2_table_historical-024,0.3.2_table_historical,ee03-de-0001558370-23-019812,,restructuring,"​ Financing Receivables ‒ Troubled Debt Restructurings Infrequently, a customer experiences financial difficulties, and we grant a concession.",reject,,,ambiguous,accounting_measure_only,true,false,false
0.3.2_table_historical-025,0.3.2_table_historical,synthetic-v0-3-2,,restructuring,Restructuring charges 2022 $18m 2021 $25m,reject,,,multi_year_history,historical_table,true,false,false
0.3.2_table_historical-026,0.3.2_table_historical,synthetic-v0-3-2,,restructuring,Charges related to the 2022 programme were $18m.,reject,,,historical,completed_programme,true,false,false
0.3.2_table_historical-027,0.3.2_table_historical,synthetic-v0-3-2,,restructuring,Restructuring charges for 2024 were $24m.,reject,,,current,accounting_measure_only,true,false,false
0.3.2_table_historical-028,0.3.2_table_historical,synthetic-v0-3-2,,restructuring,During 2024 we initiated a restructuring programme.,accept,restructuring,,current,current_programme,true,false,false
0.3.2_table_historical-029,0.3.2_table_historical,synthetic-v0-3-2,,restructuring,1 Represents restructuring costs included in operating expenses.,reject,,,unknown,accounting_measure_only,true,false,false
0.3.2_table_historical-030,0.3.2_table_historical,synthetic-v0-3-2,,restructuring,2024 2023 24 (18 9 7 Restructuring GAAP Adjusted,reject,,,ambiguous,malformed_table_fragment,true,false,false
0.3.2_table_historical-031,0.3.2_table_historical,synthetic-v0-3-2,,restructuring,2024 2023 GAAP Adjusted Restructuring 2024 2023 Table of Contents,reject,,,ambiguous,repeated_table_heading,true,false,false
0.3.2_table_historical-032,0.3.2_table_historical,synthetic-v0-3-2,,restructuring,Total restructuring costs 2024 120 2023 95,reject,,,multi_year_history,accounting_measure_only,true,false,false
0.3.2_table_historical-033,0.3.2_table_historical,synthetic-v0-3-2,,restructuring,Restructuring charges (24) 18,reject,,,unknown,accounting_measure_only,true,false,false
0.3.2_table_historical-034,0.3.2_table_historical,synthetic-v0-3-2,,restructuring,Three Months Ended 2024 2023 Restructuring costs 24 18,reject,,,multi_year_history,accounting_measure_only,true,false,false
0.3.2_table_historical-035,0.3.2_table_historical,synthetic-v0-3-2,,site_closure,During 2024 we initiated a site closure. Restructuring charges were $24m.,accept,site_closure,,current,current_programme,true,false,false
0.3.3_entity_risk-001,0.3.3_entity_risk,ee03-clf-0000764065-23-000032,,labour_constraint,"Even though many other employers are facing unprecedented labor shortages, we continued to grow during 2022.",reject,,unknown,unknown,third_party_context,true,false,false
0.3.3_entity_risk-002,0.3.3_entity_risk,ee03-clf-0000764065-23-000032,,supply_chain_constraint,"Automotive production and sales are cyclical and sensitive to general economic conditions and other factors, including interest rates, consumer credit, spending and preferences, and supply chain disruptions, such as the current semiconductor shortage.",reject,,unknown,unknown,generic_risk,true,false,false
0.3.3_entity_risk-003,0.3.3_entity_risk,ee03-clf-0000764065-23-000032,,supply_chain_constraint,"Prices for electricity, natural gas, diesel fuel, oils and raw materials can fluctuate widely with availability and demand levels from other users, including fluctuations caused by the impact of recent inflationary pressures, supply chain constraints, the 22",reject,,unknown,unknown,generic_risk,true,false,false
0.3.3_entity_risk-004,0.3.3_entity_risk,ee03-clf-0000764065-23-000032,,site_closure,"The closure of a steelmaking or other operating facility or mining operation involves significant closure costs, including reclamation and other environmental costs, the costs of terminating long-term obligations, including customer, energy and transportation contracts and equipment and real property leases, costs associated with the altered tax profile of an idled or closed facility, and certain accounting charges, including asset impairment and accelerated depreciation.",reject,,unknown,unknown,accounting_or_definition,true,false,false
0.3.3_entity_risk-005,0.3.3_entity_risk,ee03-clf-0000764065-23-000032,,redundancy,"Cliffs maintains exploration drill hole data in an externally-managed, access-controlled acQuire database that is backed up online at regularly scheduled intervals to provide data redundancy and security.",reject,,unknown,unknown,wrong_context,true,false,false
0.3.3_entity_risk-006,0.3.3_entity_risk,ee03-clf-0000764065-23-000032,,labour_constraint,"CLF 2022 FORM 10-K Table of Contents • unanticipated or higher costs associated with pension and OPEB obligations resulting from changes in the value of plan assets or contribution increases required for unfunded obligations; • uncertain availability or cost of skilled workers to fill critical operational positions and potential labor shortages caused by experienced employee attrition or otherwise, as well as our ability to attract, hire, develop and retain key personnel; • the amount and timing of any repurchases of our common shares; and • potential significant deficiencies or material weaknesses in our internal control over financial reporting.",reject,,unknown,unknown,malformed_table_fragment,true,false,false
0.3.3_entity_risk-007,0.3.3_entity_risk,ee03-cmi-0000026172-23-000005,,cost_reduction,"Our research and development programs are focused on product improvements, product extensions, innovations and cost reductions for our customers.",reject,,unknown,unknown,third_party_context,true,false,false
0.3.3_entity_risk-008,0.3.3_entity_risk,ee03-cmi-0000026172-23-000005,,demand_weakness,"In periods of weak demand, we may face under-utilized capacity and un-recovered overhead costs, while in periods of strong demand we may experience unplanned costs and could fail to meet customer demand.",reject,,unknown,unknown,hypothetical_risk,true,false,false
0.3.3_entity_risk-009,0.3.3_entity_risk,ee03-cmi-0000026172-23-000005,,cost_reduction,"Despite their own engine manufacturing abilities, these customers have historically chosen to outsource certain types of engine production to us due to the quality of our engine products, our emission compliance capabilities, our systems 22 Table of Contents integration, their customers' preferences, their desire for cost reductions, their desire for eliminating production risks and their desire to maintain company focus.",reject,,unknown,unknown,third_party_context,true,false,false
0.3.3_entity_risk-010,0.3.3_entity_risk,ee03-cmi-0000026172-23-000005,,demand_weakness,"The ongoing energy transition away from fossil fuels and the increased adoption of electrified powertrains in some market segments could result in lower demand for current diesel or natural gas engines and components and, over time, reduce the demand for related parts and service revenues from diesel or natural gas powertrains.",reject,,unknown,unknown,hypothetical_risk,true,false,false
0.3.3_entity_risk-011,0.3.3_entity_risk,ee03-cmi-0000026172-23-000005,,demand_weakness,"Offering engines and services that customers desire and value can mitigate the risks of increasing competition and declining demand, but products and services that are perceived to be less than desirable (whether in terms of price, quality, overall value, fuel efficiency or other attributes) can exacerbate these risks.",reject,,unknown,unknown,generic_risk,true,false,false
0.3.3_entity_risk-012,0.3.3_entity_risk,ee03-dow-0001751788-23-000014,,new_facility,"Mura plans to construct a new facility at Dow's Böhlen site in Germany, the latest in a series of planned facilities across the U.S.",reject,,unknown,unknown,third_party_context,true,false,false
0.3.3_entity_risk-013,0.3.3_entity_risk,ee03-dow-0001751788-23-000014,,restructuring,See Note 5 to the Consolidated Financial Statements for additional information on restructuring and asset related charges.,ambiguous,,unknown,unknown,accounting_cross_reference,true,false,false
0.3.3_entity_risk-014,0.3.3_entity_risk,synthetic-v0-3-3,,labour_constraint,Our suppliers experienced labour shortages.,reject,,supplier,actual_current,supplier_attribution,true,false,false
0.3.3_entity_risk-015,0.3.3_entity_risk,synthetic-v0-3-3,,operational_disruption,Supplier shortages caused delays to our production.,accept,operational_disruption,target_company,actual_current,explicit_company_impact,true,false,false
0.3.3_entity_risk-016,0.3.3_entity_risk,synthetic-v0-3-3,,demand_weakness,Our customers reduced inventory.,reject,,customer,actual_current,customer_attribution,true,false,false
0.3.3_entity_risk-017,0.3.3_entity_risk,synthetic-v0-3-3,,demand_weakness,Customer destocking reduced our sales volumes by 18%.,accept,demand_weakness,target_company,actual_current,explicit_company_impact,true,false,false
0.3.3_entity_risk-018,0.3.3_entity_risk,synthetic-v0-3-3,,capacity_expansion,Our competitors announced capacity expansion.,reject,,competitor,actual_current,competitor_attribution,true,false,false
0.3.3_entity_risk-019,0.3.3_entity_risk,synthetic-v0-3-3,,demand_weakness,The semiconductor industry experienced inventory correction.,reject,,industry,actual_current,industry_attribution,true,false,false
0.3.3_entity_risk-020,0.3.3_entity_risk,synthetic-v0-3-3,,demand_weakness,"According to analysts, demand could decline.",reject,,third_party,hypothetical_risk,third_party_quote,true,false,false
0.3.3_entity_risk-021,0.3.3_entity_risk,synthetic-v0-3-3,,restructuring,She previously led a restructuring programme at Company X.,reject,,former_employer,actual_historical,biography,true,false,false
0.3.3_entity_risk-022,0.3.3_entity_risk,synthetic-v0-3-3,,site_closure,The acquisition target plans a site closure.,reject,,acquisition_target,planned,acquisition_target,true,false,false
0.3.3_entity_risk-023,0.3.3_entity_risk,synthetic-v0-3-3,,capacity_expansion,Our joint venture announced capacity expansion.,reject,,joint_venture,planned,joint_venture,true,false,false
0.3.3_entity_risk-024,0.3.3_entity_risk,synthetic-v0-3-3,,site_closure,Our controlled subsidiary initiated a site closure.,accept,site_closure,target_subsidiary,actual_current,target_subsidiary,true,false,false
0.3.3_entity_risk-025,0.3.3_entity_risk,synthetic-v0-3-3,,demand_weakness,Our Aviation segment experienced demand weakness.,accept,demand_weakness,target_segment,actual_current,target_segment,true,false,false
0.3.3_entity_risk-026,0.3.3_entity_risk,synthetic-v0-3-3,,demand_weakness,Economic downturns could affect revenue.,reject,,unknown,generic_risk,generic_risk,true,false,false
0.3.3_entity_risk-027,0.3.3_entity_risk,synthetic-v0-3-3,,supply_chain_constraint,Risk Factors: We are currently experiencing supply disruptions affecting production.,accept,supply_chain_constraint,target_company,actual_current,actual_condition_in_risk_section,true,false,false
0.3.3_entity_risk-028,0.3.3_entity_risk,synthetic-v0-3-3,,demand_weakness,Demand could weaken further after declining 20% this quarter.,accept,demand_weakness,target_company,actual_current_with_forecast,embedded_current_fact,true,false,false
0.3.3_entity_risk-029,0.3.3_entity_risk,synthetic-v0-3-3,,restructuring,No restructuring is planned.,reject,,target_company,negated,negation,true,false,false
