case_id,benchmark_version,document_id,source_span,piotw_proposed_event,diagnostic_expected_classification,expected_context_status,failure_class,formal_gold,admissible_for_model2_gate,notes
event-001,0.3.1,ee03-aapl-0000320193-23-000106,many components used by the Company ... are at times subject to industry-wide shortage and significant commodity pricing fluctuations,supply_chain_constraint,accepted,current_or_ongoing,synonym_or_phrase_structure_missing,false,false,Frozen AI-assisted development diagnostic; not independent truth.
event-002,0.3.1,ee03-aapl-0000320193-23-000106,aggressive price competition and resulting downward pressure on gross margins,margin_pressure,accepted,current_or_ongoing,synonym_or_phrase_structure_missing,false,false,Frozen AI-assisted development diagnostic; not independent truth.
event-003,0.3.1,ee03-aapl-0000320193-24-000081,Year-over-year Greater China net sales decreased during the first nine months of 2024 due primarily to lower net sales of iPhone and iPad.,demand_weakness,accepted,current_or_ongoing,synonym_or_phrase_structure_missing,false,false,Frozen AI-assisted development diagnostic; not independent truth.
event-004,0.3.1,ee03-aapl-0000320193-24-000081,Services net sales increased during the third quarter and first nine months of 2024 ...,growth_language,accepted,current_or_ongoing,synonym_or_phrase_structure_missing,false,false,Frozen AI-assisted development diagnostic; not independent truth.
event-005,0.3.1,ee03-alb-0000915913-23-000039,"In particular, the market for lithium battery and energy storage, particularly for electric vehicles (“EVs”), remains strong, providing the opportunity to continue to develop high quality and innovative products while managing the high cost of expanding capacity.",capacity_expansion,accepted,current_or_ongoing,synonym_or_phrase_structure_missing,false,false,Frozen AI-assisted development diagnostic; not independent truth.
event-006,0.3.1,ee03-alb-0000915913-23-000039,"we expect our capital expenditures to be between $1.7 billion and $1.9 billion in 2023, primarily for Energy Storage",major_investment,accepted,planned,synonym_or_phrase_structure_missing,false,false,Frozen AI-assisted development diagnostic; not independent truth.
event-007,0.3.1,ee03-alb-0000915913-24-000156,"issued a press release reporting its results for the third quarter ended September 30, 2024. A copy of this release is being furnished as Exhibit 99.1",,ambiguous,requires_human_adjudication,incomplete_source,false,false,Frozen AI-assisted development diagnostic; not independent truth.
event-008,0.3.1,ee03-ba-0000012927-23-000007,"During 2022, commercial services volume at BGS recovered to pre-pandemic levels.",recovery,accepted,current_or_ongoing,synonym_or_phrase_structure_missing,false,false,Frozen AI-assisted development diagnostic; not independent truth.
event-009,0.3.1,ee03-ba-0000012927-23-000007,"This market environment has resulted in intense pressures on pricing, and we expect these pressures to continue or intensify",margin_pressure,accepted,current_or_ongoing,synonym_or_phrase_structure_missing,false,false,Frozen AI-assisted development diagnostic; not independent truth.
event-010,0.3.1,ee03-ba-0000012927-23-000007,"BGS total backlog ... decreased by 6% from $20,496 million at December 31, 2021",demand_weakness,accepted,current_or_ongoing,synonym_or_phrase_structure_missing,false,false,Frozen AI-assisted development diagnostic; not independent truth.
event-011,0.3.1,ee03-ba-0000012927-24-000082,"Commercial airplane cash outflows reflect slowed and/or paused production and lower deliveries as a result of ongoing safety and quality improvement actions ... supply chain constraints, and the ongoing work stoppage",operational_disruption,accepted,current_or_ongoing,synonym_or_phrase_structure_missing,false,false,Frozen AI-assisted development diagnostic; not independent truth.
event-012,0.3.1,ee03-ba-0000012927-24-000082,the ongoing work stoppage ... has paused production of certain commercial aircraft models ... and is also significantly reducing aircraft deliveries,labour_constraint,accepted,current_or_ongoing,synonym_or_phrase_structure_missing,false,false,Frozen AI-assisted development diagnostic; not independent truth.
event-013,0.3.1,ee03-ba-0000012927-24-000082,"on October 11, 2024, we announced that we plan to reduce the size of our total workforce by roughly 10 percent",redundancy,accepted,current_or_ongoing,synonym_or_phrase_structure_missing,false,false,Frozen AI-assisted development diagnostic; not independent truth.
event-014,0.3.1,ee03-ba-0000012927-24-000082,We are reducing discretionary spending as well as reducing or deferring non-essential capital expenditures.,cost_reduction,accepted,current_or_ongoing,synonym_or_phrase_structure_missing,false,false,Frozen AI-assisted development diagnostic; not independent truth.
event-015,0.3.1,ee03-ba-0000012927-24-000082,Moody’s downgraded our short term and long term credit ratings to Baa3/P-3 ... Moody's and S&P placed our ratings on review for downgrade,liquidity_concern,accepted,current_or_ongoing,synonym_or_phrase_structure_missing,false,false,Frozen AI-assisted development diagnostic; not independent truth.
event-016,0.3.1,ee03-ba-0000012927-24-000082,"Financing Commitments Financing commitments related to aircraft on order, including options and those proposed in sales campaigns, and refinancing of delivered aircraft, totaled $ 17,379 and $ 17,003 as of September 30, 2024 and December 31, 2023.",refinancing,ambiguous,requires_human_adjudication,unadjudicated_plausible_ai_omission,false,false,Frozen AI-assisted development diagnostic; not independent truth.
event-017,0.3.1,ee03-ba-0000012927-24-000082,"During the first quarter of 2024, we increased the reach-forward loss by $ 128 , primarily due to factory disruption associated with supply chain constraints.",supply_chain_constraint,ambiguous,requires_human_adjudication,unadjudicated_plausible_ai_omission,false,false,Frozen AI-assisted development diagnostic; not independent truth.
event-018,0.3.1,ee03-ba-0000012927-24-000082,"During the second quarter of 2024, we increased the reach-forward loss on the contract by $ 391 , primarily reflecting higher than anticipated factory disruption, including supply chain constraints and parts shortages.",supply_chain_constraint,ambiguous,requires_human_adjudication,unadjudicated_plausible_ai_omission,false,false,Frozen AI-assisted development diagnostic; not independent truth.
event-019,0.3.1,ee03-ba-0000012927-24-000082,We will be initiating final assembly operations at our new facility at Mid-America St.,new_facility,ambiguous,requires_human_adjudication,unadjudicated_plausible_ai_omission,false,false,Frozen AI-assisted development diagnostic; not independent truth.
event-020,0.3.1,ee03-ba-0000012927-24-000082,"44 Table of Contents Supply Chain We and our suppliers are experiencing inflationary pressures, as well as supply chain disruptions as a result of global supply chain constraints and labor instability.",supply_chain_constraint,ambiguous,requires_human_adjudication,unadjudicated_plausible_ai_omission,false,false,Frozen AI-assisted development diagnostic; not independent truth.
event-021,0.3.1,ee03-ba-0000012927-24-000082,"787 Program During the first quarter of 2024, we disclosed that we were slowing near-term production to below 5 per month due to supply chain constraints.",supply_chain_constraint,ambiguous,requires_human_adjudication,unadjudicated_plausible_ai_omission,false,false,Frozen AI-assisted development diagnostic; not independent truth.
event-022,0.3.1,ee03-ba-0000012927-24-000082,The program continues to experience supply chain constraints and production issues.,supply_chain_constraint,ambiguous,requires_human_adjudication,unadjudicated_plausible_ai_omission,false,false,Frozen AI-assisted development diagnostic; not independent truth.
event-023,0.3.1,ee03-ba-0000012927-24-000082,"If we continue to require cash to fund our operations or require additional funding in order to pay off existing debt, address further impacts to our business related to the strike by IAM 751 or market developments, fund outstanding financing commitments or meet other business requirements, we may need to refinance or restructure our debt, reduce or delay capital investments, or seek to raise additional capital including through the issuance of equity or equity-linked securities, and these activities could have terms that are unfavorable or could be dilutive.",restructuring,rejected,hypothetical_or_irrelevant,hypothetical_risk,false,false,Frozen AI-assisted development diagnostic; not independent truth.
event-024,0.3.1,ee03-ba-0000012927-24-000082,"If we continue to require cash to fund our operations or require additional funding in order to pay off existing debt, address further impacts to our business related to the strike by IAM 751 or market developments, fund outstanding financing commitments or meet other business requirements, we may need to refinance or restructure our debt, reduce or delay capital investments, or seek to raise additional capital including through the issuance of equity or equity-linked securities, and these activities could have terms that are unfavorable or could be dilutive.",refinancing,rejected,hypothetical_or_irrelevant,hypothetical_risk,false,false,Frozen AI-assisted development diagnostic; not independent truth.
event-025,0.3.1,ee03-ba-0000012927-23-000007,We are focused on improving our products and processes and continuing cost reduction efforts.,cost_reduction,ambiguous,requires_human_adjudication,unadjudicated_plausible_ai_omission,false,false,Frozen AI-assisted development diagnostic; not independent truth.
event-026,0.3.1,ee03-ba-0000012927-23-000007,"We and our suppliers are experiencing supply chain disruptions as a result of the lingering impacts of COVID-19, global supply chain constraints, and labor instability.",supply_chain_constraint,ambiguous,requires_human_adjudication,unadjudicated_plausible_ai_omission,false,false,Frozen AI-assisted development diagnostic; not independent truth.
event-027,0.3.1,ee03-ba-0000012927-23-000007,"Many of our suppliers are experiencing inflationary pressures, as well as disruptions due to the lingering impacts of COVID-19, global supply chain constraints, and labor instability.",supply_chain_constraint,ambiguous,requires_human_adjudication,unadjudicated_plausible_ai_omission,false,false,Frozen AI-assisted development diagnostic; not independent truth.
event-028,0.3.1,ee03-ba-0000012927-23-000007,"While fixed-price contracts enable us to benefit from performance improvements, cost reductions and efficiencies, they also subject us to the risk of reduced margins or incurring losses if we are unable to achieve estimated costs and revenues.",cost_reduction,rejected,hypothetical_or_irrelevant,hypothetical_risk,false,false,Frozen AI-assisted development diagnostic; not independent truth.
event-029,0.3.1,ee03-ba-0000012927-23-000007,"These factors include continued production disruption due to labor instability and supply chain disruption, customer negotiations, further production rate adjustments for the 777X or other commercial aircraft programs, contraction of the accounting quantity and potential risks associated with the testing program and the timing of aircraft certification.",supply_chain_constraint,rejected,hypothetical_or_irrelevant,contextual_false_positive,false,false,Frozen AI-assisted development diagnostic; not independent truth.
event-030,0.3.1,ee03-ba-0000012927-23-000007,The increase was primarily driven by a decision in the fourth quarter of 2022 to slow down near-term production due to supply chain constraints and increased inspection and rework costs.,supply_chain_constraint,ambiguous,requires_human_adjudication,unadjudicated_plausible_ai_omission,false,false,Frozen AI-assisted development diagnostic; not independent truth.
event-031,0.3.1,ee03-ba-0000012927-23-000007,Continued access to global markets remains vital to our ability to fully realize our sales growth potential and long-term investment returns.,growth_language,ambiguous,requires_human_adjudication,unadjudicated_plausible_ai_omission,false,false,Frozen AI-assisted development diagnostic; not independent truth.
event-032,0.3.1,ee03-ba-0000012927-23-000007,"While we may be required to fund a number of new aircraft deliveries in 2023 and/or provide refinancing for existing bridge debt, we expect alternative financing will be available at reasonable prices from broad and globally diverse sources.",refinancing,rejected,hypothetical_or_irrelevant,hypothetical_risk,false,false,Frozen AI-assisted development diagnostic; not independent truth.
event-033,0.3.1,ee03-ba-0000012927-23-000007,"(Dollars in millions) Total Amounts Committed/Maximum Amount of Loss Less than 1 year 1-3 years 4-5 years After 5 years Standby letters of credit and surety bonds $5,070 $3,859 $1,036 $10 $165 Commercial aircraft financing commitments 16,105 3,084 5,989 4,075 2,957 Total commercial commitments $21,175 $6,943 $7,025 $4,085 $3,122 Commercial aircraft financing commitments include commitments to provide financing related to aircraft on order, under option for deliveries or proposed as part of sales campaigns or refinancing with respect to delivered aircraft, based on estimated earliest potential funding dates.",refinancing,ambiguous,requires_human_adjudication,unadjudicated_plausible_ai_omission,false,false,Frozen AI-assisted development diagnostic; not independent truth.
event-034,0.3.1,ee03-ba-0000012927-23-000007,"84 Table of Contents Financing Commitments Financing commitments related to aircraft on order, including options and those proposed in sales campaigns, and refinancing of delivered aircraft, totaled $ 16,105 and $ 12,905 as of December 31, 2022 and 2021.",refinancing,ambiguous,requires_human_adjudication,unadjudicated_plausible_ai_omission,false,false,Frozen AI-assisted development diagnostic; not independent truth.
event-035,0.3.1,ee03-ba-0000012927-23-000007,"During the year ended December 31, 2022, we increased the reach-forward loss on the KC-46A Tanker program by $ 1,374 primarily reflecting higher production and supply chain costs partially driven by labor instability and supply chain disruption, most of which was recorded during the third quarter of 2022.",supply_chain_constraint,ambiguous,requires_human_adjudication,unadjudicated_plausible_ai_omission,false,false,Frozen AI-assisted development diagnostic; not independent truth.
event-036,0.3.1,ee03-ba-0000012927-23-000007,The increase in production costs was primarily driven by factory unit time performance expectations that assume continued production disruption due to labor instability and supply chain disruption.,supply_chain_constraint,ambiguous,requires_human_adjudication,unadjudicated_plausible_ai_omission,false,false,Frozen AI-assisted development diagnostic; not independent truth.
event-037,0.3.1,ee03-ba-0000012927-23-000007,"We increased the estimated reach-forward loss by $ 552 during the year ended December 31, 2022 primarily driven by ongoing supply chain negotiations (which are impacted by supply chain constraints and inflationary pressures), and design revisions, as well as an increase in the number of expected units in the initial production lots.",supply_chain_constraint,ambiguous,requires_human_adjudication,unadjudicated_plausible_ai_omission,false,false,Frozen AI-assisted development diagnostic; not independent truth.
event-038,0.3.1,ee03-ba-0000012927-23-000007,"The ongoing effects of macroeconomic challenges, including supply chain disruption, labor shortages, and inflationary pressures compound these complexities and related financial risks.",supply_chain_constraint,rejected,hypothetical_or_irrelevant,contextual_false_positive,false,false,Frozen AI-assisted development diagnostic; not independent truth.
event-039,0.3.1,ee03-ba-0000012927-23-000007,"The ongoing effects of macroeconomic challenges, including supply chain disruption, labor shortages, and inflationary pressures compound these complexities and related financial risks.",labour_constraint,rejected,hypothetical_or_irrelevant,contextual_false_positive,false,false,Frozen AI-assisted development diagnostic; not independent truth.
event-040,0.3.1,ee03-ba-0000012927-23-000007,"• We evaluated the reasonableness of judgments made and significant assumptions used by management relating to key cost and schedule estimates, including the effects of supply chain disruptions, labor shortages, and inflationary pressures.",supply_chain_constraint,ambiguous,requires_human_adjudication,unadjudicated_plausible_ai_omission,false,false,Frozen AI-assisted development diagnostic; not independent truth.
event-041,0.3.1,ee03-ba-0000012927-23-000007,"• We evaluated the reasonableness of judgments made and significant assumptions used by management relating to key cost and schedule estimates, including the effects of supply chain disruptions, labor shortages, and inflationary pressures.",labour_constraint,ambiguous,requires_human_adjudication,unadjudicated_plausible_ai_omission,false,false,Frozen AI-assisted development diagnostic; not independent truth.
event-042,0.3.1,ee03-ba-0000012927-23-000007,"Program Accounting Revenue Estimates for the 787 Program — Refer to Notes 1, 7, and 22 to the financial statements Critical Audit Matter Description Production quality issues and supply chain disruption for the 787 program have resulted in increased risk associated with forecasted revenue estimates primarily due to the difficulty in assessing the value of consideration expected to be provided to customers as a result of delivery delays.",supply_chain_constraint,rejected,hypothetical_or_irrelevant,contextual_false_positive,false,false,Frozen AI-assisted development diagnostic; not independent truth.
event-043,0.3.1,ee03-ba-0000012927-23-000007,"How the Critical Audit Matter Was Addressed in the Audit Our audit procedures related to the estimated revenues for the 787 program included the following, among others: • We inquired of management, including operational and supply chain leadership, to assess the assumptions related to the supply chain disruption impacts on the delivery schedule and the estimated timeline for completion of rework.",supply_chain_constraint,ambiguous,requires_human_adjudication,unadjudicated_plausible_ai_omission,false,false,Frozen AI-assisted development diagnostic; not independent truth.
event-044,0.3.1,ee03-ba-0000012927-23-000007,"• We evaluated the appropriateness and consistency of management’s method used in developing the delivery schedule assumptions, including the impact of production quality issues and supply chain disruption.",supply_chain_constraint,ambiguous,requires_human_adjudication,unadjudicated_plausible_ai_omission,false,false,Frozen AI-assisted development diagnostic; not independent truth.
event-045,0.3.1,ee03-aapl-0000320193-23-000106,"Restrictive measures can require the Company to take various actions, including changing suppliers, restructuring business relationships, and ceasing to offer third-party applications on its platforms.",restructuring,ambiguous,requires_human_adjudication,unadjudicated_plausible_ai_omission,false,false,Frozen AI-assisted development diagnostic; not independent truth.
event-046,0.3.1,ee03-aapl-0000320193-23-000106,"System upgrades, redundancy and other continuity measures may be ineffective or inadequate, and the Company’s or its vendors’ business continuity and disaster recovery planning may not be sufficient for all eventualities.",redundancy,rejected,hypothetical_or_irrelevant,taxonomy_overreach,false,false,Frozen AI-assisted development diagnostic; not independent truth.
event-047,0.3.1,ee03-aapl-0000320193-23-000106,"dollar and lower Products volume, partially offset by cost savings and a different Products mix.",cost_reduction,ambiguous,requires_human_adjudication,unadjudicated_plausible_ai_omission,false,false,Frozen AI-assisted development diagnostic; not independent truth.
event-048,0.3.1,ee03-aapl-0000320193-23-000106,"Products gross margin percentage increased during 2023 compared to 2022 due to cost savings and a different Products mix, partially offset by the weakness in foreign currencies relative to the U.S.",cost_reduction,ambiguous,requires_human_adjudication,unadjudicated_plausible_ai_omission,false,false,Frozen AI-assisted development diagnostic; not independent truth.
event-049,0.3.1,ee03-alb-0000915913-23-000039,"Research and Development We believe that in order to generate revenue growth, maintain our margins and remain competitive, we must continually invest in research and development, product and process improvements and specialized customer services.",growth_language,ambiguous,requires_human_adjudication,unadjudicated_plausible_ai_omission,false,false,Frozen AI-assisted development diagnostic; not independent truth.
event-050,0.3.1,ee03-alb-0000915913-23-000039,"For example, most of our employees in Europe are represented by works councils that must approve any changes in conditions of employment, including salaries and benefits and staff changes, and may impede efforts to restructure our workforce.",restructuring,rejected,hypothetical_or_irrelevant,hypothetical_risk,false,false,Frozen AI-assisted development diagnostic; not independent truth.
event-051,0.3.1,ee03-alb-0000915913-23-000039,"If we are unable to service our debt obligations, we may need to refinance all or a portion of our indebtedness on or before maturity, reduce or delay capital expenditures, sell assets or raise additional equity.",refinancing,rejected,hypothetical_or_irrelevant,hypothetical_risk,false,false,Frozen AI-assisted development diagnostic; not independent truth.
event-052,0.3.1,ee03-alb-0000915913-23-000039,"Our inability to generate sufficient cash flow or use existing cash balances to satisfy our debt obligations, or to refinance our obligations on commercially reasonable terms, could have a material adverse effect on our business and financial condition.",refinancing,rejected,hypothetical_or_irrelevant,hypothetical_risk,false,false,Frozen AI-assisted development diagnostic; not independent truth.
event-053,0.3.1,ee03-alb-0000915913-23-000039,"We have experienced, and may continue to experience, volatility and increases in the price of certain raw materials and in transportation and energy costs as a result of global market and supply chain disruptions and the broader inflationary environment.",supply_chain_constraint,rejected,hypothetical_or_irrelevant,hypothetical_risk,false,false,Frozen AI-assisted development diagnostic; not independent truth.
event-054,0.3.1,ee03-alb-0000915913-23-000039,"If we are unable to increase the prices to our customers of our products to offset inflationary cost trends, or if we are unable to achieve cost savings to offset such cost increases, we could fail to meet our cost expectations, and our profits and operating results could be adversely affected.",cost_reduction,rejected,hypothetical_or_irrelevant,hypothetical_risk,false,false,Frozen AI-assisted development diagnostic; not independent truth.
event-055,0.3.1,ee03-alb-0000915913-23-000039,"Therefore, as a simplification, to calculate mineral resources, exclusive of reserves, the quantity of lithium pumped in the life of mine plan was subtracted from the overall resource without modification to lithium concentration.",simplification,rejected,hypothetical_or_irrelevant,taxonomy_overreach,false,false,Frozen AI-assisted development diagnostic; not independent truth.
event-056,0.3.1,ee03-alb-0000915913-23-000039,"Narwold served as Special Counsel with Kelley Drye & Warren LLP and with Symmetry Advisors where she worked in the areas of strategic, financial and capital structure planning and restructuring for public and private companies.",restructuring,rejected,hypothetical_or_irrelevant,biography,false,false,Frozen AI-assisted development diagnostic; not independent truth.
event-057,0.3.1,ee03-alb-0000915913-23-000039,"Barichivich began his career at Georgia Pacific, where he worked as an internal auditor and was a financial analyst supporting the restructuring of the Distribution Division.",restructuring,rejected,hypothetical_or_irrelevant,biography,false,false,Frozen AI-assisted development diagnostic; not independent truth.
event-058,0.3.1,ee03-alb-0000915913-23-000039,"We believe our disciplined cost reduction efforts and ongoing productivity improvements, among other factors, position us well to take advantage of strengthening economic conditions as they occur, while softening the negative impact of the current challenging global economic environment.",cost_reduction,ambiguous,requires_human_adjudication,unadjudicated_plausible_ai_omission,false,false,Frozen AI-assisted development diagnostic; not independent truth.
event-059,0.3.1,ee03-alb-0000915913-23-000039,"We anticipate that innovations from the new site will enhance lithium recovery, improve production methods, and introduce new forms of lithium to enable breakthrough levels of battery performance.",new_facility,ambiguous,requires_human_adjudication,unadjudicated_plausible_ai_omission,false,false,Frozen AI-assisted development diagnostic; not independent truth.
event-060,0.3.1,ee03-alb-0000915913-23-000039,"In particular, the market for lithium battery and energy storage, particularly for electric vehicles (“EVs”), remains strong, providing the opportunity to continue to develop high quality and innovative products while managing the high cost of expanding capacity.",capacity_expansion,ambiguous,requires_human_adjudication,unadjudicated_plausible_ai_omission,false,false,Frozen AI-assisted development diagnostic; not independent truth.
event-061,0.3.1,ee03-alb-0000915913-23-000039,"In addition, Specialties’ ongoing cost savings initiatives and higher pricing are expected to offset higher freight and raw material costs such as lithium chloride.",cost_reduction,ambiguous,requires_human_adjudication,unadjudicated_plausible_ai_omission,false,false,Frozen AI-assisted development diagnostic; not independent truth.
event-062,0.3.1,ee03-alb-0000915913-23-000039,"These non-operating, non-recurring or unusual items may include acquisition and integration-related costs, gains or losses on sales of businesses, restructuring charges, facility divestiture charges, certain litigation and arbitration costs and charges, non-operating pension and OPEB items and other significant non-recurring items.",restructuring,rejected,hypothetical_or_irrelevant,generic_boilerplate,false,false,Frozen AI-assisted development diagnostic; not independent truth.
event-063,0.3.1,ee03-alb-0000915913-23-000039,"• SG&A - $4.3 million related to facility closure expenses of offices in Germany, $2.8 million of charges for environmental reserves at sites not part of our operations, $2.8 million of shortfall contributions for our multiemployer plan financial improvement plan, $1.9 million of expense primarily related to one-time retention payments for certain employees during the Catalysts strategic review, partially offset by $4.3 million of gains from the sale of legacy properties not part of our operations.",site_closure,ambiguous,requires_human_adjudication,unadjudicated_plausible_ai_omission,false,false,Frozen AI-assisted development diagnostic; not independent truth.
event-064,0.3.1,ee03-alb-0000915913-23-000039,"(e) In 2021, we recorded facility closure related to offices in Germany, and severance expenses in Germany and Belgium, in SG&A.",site_closure,ambiguous,requires_human_adjudication,unadjudicated_plausible_ai_omission,false,false,Frozen AI-assisted development diagnostic; not independent truth.
event-065,0.3.1,ee03-alb-0000915913-23-000039,"Future cash flows for all reporting units include assumptions about revenue growth rates, adjusted EBITDA margins, discount rate as well as other economic or industry-related factors.",growth_language,rejected,hypothetical_or_irrelevant,generic_boilerplate,false,false,Frozen AI-assisted development diagnostic; not independent truth.
event-066,0.3.1,ee03-alb-0000915913-23-000039,"For the Refining Solutions reporting unit, the revenue growth rates, adjusted EBITDA margins and the discount rate were deemed to be significant assumptions.",growth_language,rejected,hypothetical_or_irrelevant,contextual_false_positive,false,false,Frozen AI-assisted development diagnostic; not independent truth.
event-067,0.3.1,ee03-alb-0000915913-23-000039,"We have the ability and intent to refinance our borrowings under our other existing credit lines with borrowings under the 2018 Credit Agreement, as applicable.",refinancing,ambiguous,requires_human_adjudication,unadjudicated_plausible_ai_omission,false,false,Frozen AI-assisted development diagnostic; not independent truth.
event-068,0.3.1,ee03-alb-0000915913-23-000039,"Our main focus in the short-term, during the continued uncertainty surrounding the global economy, including caused by the ongoing COVID-19 pandemic and recent inflationary trends, is to continue to maintain financial flexibility by continuing our cost savings initiative, while still protecting our employees and customers, committing to shareholder returns and maintaining an investment grade rating.",cost_reduction,ambiguous,requires_human_adjudication,unadjudicated_plausible_ai_omission,false,false,Frozen AI-assisted development diagnostic; not independent truth.
event-069,0.3.1,ee03-alb-0000915913-23-000039,"Federal Reserve or similar national reserve banks in other countries decide to continue tightening the monetary supply, we may incur increased borrowing costs (as interest rates increase on our variable rate credit facilities, as our various credit facilities mature or as we refinance any maturing fixed rate debt obligations), although these cost increases would be partially offset by increased income rates on portions of our cash deposits.",refinancing,rejected,hypothetical_or_irrelevant,hypothetical_risk,false,false,Frozen AI-assisted development diagnostic; not independent truth.
event-070,0.3.1,ee03-alb-0000915913-23-000039,"Management’s cash flow projections for the Refining Solutions reporting unit included significant judgment and assumptions relating to revenue growth rates, adjusted EBITDA margins and the discount rate.",growth_language,ambiguous,requires_human_adjudication,unadjudicated_plausible_ai_omission,false,false,Frozen AI-assisted development diagnostic; not independent truth.
event-071,0.3.1,ee03-alb-0000915913-23-000039,"The principal considerations for our determination that performing procedures relating to the goodwill impairment assessment of the Refining Solutions reporting unit is a critical audit matter are (i) the significant judgment by management when developing the fair value measurement of the reporting unit; (ii) a high degree of auditor judgment, subjectivity, and effort in performing procedures and evaluating management’s significant assumptions related to revenue growth rates, adjusted EBITDA margins, and the discount rate; and (iii) the audit effort involved the use of professionals with specialized skill and knowledge.",growth_language,ambiguous,requires_human_adjudication,unadjudicated_plausible_ai_omission,false,false,Frozen AI-assisted development diagnostic; not independent truth.
event-072,0.3.1,ee03-alb-0000915913-23-000039,"These procedures also included, among others (i) testing management’s process for developing the fair value estimate of the Refining Solutions reporting unit; (ii) evaluating the appropriateness of the discounted cash flow model; (iii) testing the completeness and accuracy of underlying data used in the model; and (iv) evaluating the significant assumptions used by management related to the revenue growth rates, adjusted EBITDA margins, and the discount rate.",growth_language,ambiguous,requires_human_adjudication,unadjudicated_plausible_ai_omission,false,false,Frozen AI-assisted development diagnostic; not independent truth.
event-073,0.3.1,ee03-alb-0000915913-23-000039,Evaluating management’s assumptions related to the revenue growth rates and adjusted EBITDA margins involved evaluating whether the assumptions used by management were reasonable considering (i) the current and past performance of the reporting unit; (ii) the consistency with external economic and industry data; and (iii) whether these assumptions were consistent with evidence obtained in other areas of the audit.,growth_language,ambiguous,requires_human_adjudication,unadjudicated_plausible_ai_omission,false,false,Frozen AI-assisted development diagnostic; not independent truth.
event-074,0.3.1,ee03-alb-0000915913-23-000039,The grant will be received over the life of the construction period for the new facility (projected as 2023 to 2026) as reimbursement for capital expenditures.,new_facility,ambiguous,requires_human_adjudication,unadjudicated_plausible_ai_omission,false,false,Frozen AI-assisted development diagnostic; not independent truth.
event-075,0.3.1,ee03-alb-0000915913-23-000039,"At December 31, 2022 and 2021, we had the ability and intent to refinance our borrowings under our other existing credit lines with borrowings under the 2018 Credit Agreement.",refinancing,ambiguous,requires_human_adjudication,unadjudicated_plausible_ai_omission,false,false,Frozen AI-assisted development diagnostic; not independent truth.
event-076,0.3.1,ee03-alb-0000915913-23-000039,"These non-operating, non-recurring or unusual items may include acquisition and integration related costs, gains or losses on sales of businesses, restructuring charges, facility divestiture charges, certain litigation and arbitration costs and charges, non-operating pension and OPEB items and other significant non-recurring items.",restructuring,rejected,hypothetical_or_irrelevant,duplicate,false,false,Frozen AI-assisted development diagnostic; not independent truth.
event-077,0.3.1,ee03-alb-0000915913-23-000039,"• SG&A - $ 4.3 million primarily related to facility closure expenses of offices in Germany, $ 2.8 million of charges for environmental reserves at sites not part of our operations, $ 2.8 million of shortfall contributions for our multiemployer plan financial improvement plan, $ 1.9 million of expense related to one-time retention payments for certain employees during the Catalysts strategic review, partially offset by $ 4.3 million of gains from the sale of legacy properties not part of our operations.",site_closure,rejected,hypothetical_or_irrelevant,duplicate,false,false,Frozen AI-assisted development diagnostic; not independent truth.
event-078,0.3.1,ee03-aapl-0000320193-24-000081,"Year-over-year Products gross margin percentage increased during the first nine months of 2024 due primarily to cost savings, partially offset by a different Products mix and the weakness in foreign currencies relative to the U.S.",cost_reduction,ambiguous,requires_human_adjudication,unadjudicated_plausible_ai_omission,false,false,Frozen AI-assisted development diagnostic; not independent truth.
