document_id,company,workflow,source_url,reviewer_pdf,machine_output_visibility
ee03-aapl-0000320193-23-000106,Apple Inc.,human_first,https://www.sec.gov/Archives/edgar/data/320193/000032019323000106/aapl-20230930.htm,output/pdf/evidence_engine_v0_3/ee03-aapl-0000320193-23-000106.pdf,hidden until gold freeze
ee03-aapl-0000320193-24-000081,Apple Inc.,piotw_first_review_burden_only,https://www.sec.gov/Archives/edgar/data/320193/000032019324000081/aapl-20240629.htm,output/pdf/evidence_engine_v0_3/ee03-aapl-0000320193-24-000081.pdf,shown only in separate assisted-review stage
ee03-alb-0000915913-23-000039,ALBEMARLE CORP,human_first,https://www.sec.gov/Archives/edgar/data/915913/000091591323000039/alb-20221231.htm,output/pdf/evidence_engine_v0_3/ee03-alb-0000915913-23-000039.pdf,hidden until gold freeze
ee03-alb-0000915913-24-000156,ALBEMARLE CORP,piotw_first_review_burden_only,https://www.sec.gov/Archives/edgar/data/915913/000091591324000156/alb-20241106.htm,output/pdf/evidence_engine_v0_3/ee03-alb-0000915913-24-000156.pdf,shown only in separate assisted-review stage
ee03-amd-0000002488-23-000047,ADVANCED MICRO DEVICES INC,human_first,https://www.sec.gov/Archives/edgar/data/2488/000000248823000047/amd-20221231.htm,output/pdf/evidence_engine_v0_3/ee03-amd-0000002488-23-000047.pdf,hidden until gold freeze
ee03-amd-0000002488-24-000163,ADVANCED MICRO DEVICES INC,piotw_first_review_burden_only,https://www.sec.gov/Archives/edgar/data/2488/000000248824000163/amd-20240928.htm,output/pdf/evidence_engine_v0_3/ee03-amd-0000002488-24-000163.pdf,shown only in separate assisted-review stage
ee03-ba-0000012927-23-000007,BOEING CO,human_first,https://www.sec.gov/Archives/edgar/data/12927/000001292723000007/ba-20221231.htm,output/pdf/evidence_engine_v0_3/ee03-ba-0000012927-23-000007.pdf,hidden until gold freeze
ee03-ba-0000012927-24-000082,BOEING CO,piotw_first_review_burden_only,https://www.sec.gov/Archives/edgar/data/12927/000001292724000082/ba-20240930.htm,output/pdf/evidence_engine_v0_3/ee03-ba-0000012927-24-000082.pdf,shown only in separate assisted-review stage
ee03-cat-0000018230-23-000011,CATERPILLAR INC,human_first,https://www.sec.gov/Archives/edgar/data/18230/000001823023000011/cat-20221231.htm,output/pdf/evidence_engine_v0_3/ee03-cat-0000018230-23-000011.pdf,hidden until gold freeze
ee03-cat-0000018230-24-000053,CATERPILLAR INC,piotw_first_review_burden_only,https://www.sec.gov/Archives/edgar/data/18230/000001823024000053/cat-20240930.htm,output/pdf/evidence_engine_v0_3/ee03-cat-0000018230-24-000053.pdf,shown only in separate assisted-review stage
ee03-clf-0000764065-23-000032,CLEVELAND-CLIFFS INC.,human_first,https://www.sec.gov/Archives/edgar/data/764065/000076406523000032/clf-20221231.htm,output/pdf/evidence_engine_v0_3/ee03-clf-0000764065-23-000032.pdf,hidden until gold freeze
ee03-clf-0000764065-24-000202,CLEVELAND-CLIFFS INC.,piotw_first_review_burden_only,https://www.sec.gov/Archives/edgar/data/764065/000076406524000202/clf-20241104.htm,output/pdf/evidence_engine_v0_3/ee03-clf-0000764065-24-000202.pdf,shown only in separate assisted-review stage
ee03-cmi-0000026172-23-000005,CUMMINS INC,human_first,https://www.sec.gov/Archives/edgar/data/26172/000002617223000005/cmi-20221231.htm,output/pdf/evidence_engine_v0_3/ee03-cmi-0000026172-23-000005.pdf,hidden until gold freeze
ee03-cmi-0000026172-24-000043,CUMMINS INC,piotw_first_review_burden_only,https://www.sec.gov/Archives/edgar/data/26172/000002617224000043/cmi-20241105.htm,output/pdf/evidence_engine_v0_3/ee03-cmi-0000026172-24-000043.pdf,shown only in separate assisted-review stage
ee03-de-0001558370-23-019812,DEERE & CO,human_first,https://www.sec.gov/Archives/edgar/data/315189/000155837023019812/de-20231029x10k.htm,output/pdf/evidence_engine_v0_3/ee03-de-0001558370-23-019812.pdf,hidden until gold freeze
ee03-de-0001558370-24-012529,DEERE & CO,piotw_first_review_burden_only,https://www.sec.gov/Archives/edgar/data/315189/000155837024012529/de-20240728x10q.htm,output/pdf/evidence_engine_v0_3/ee03-de-0001558370-24-012529.pdf,shown only in separate assisted-review stage
ee03-dell-0001571996-23-000007,Dell Technologies Inc.,human_first,https://www.sec.gov/Archives/edgar/data/1571996/000157199623000007/dell-20230203.htm,output/pdf/evidence_engine_v0_3/ee03-dell-0001571996-23-000007.pdf,hidden until gold freeze
ee03-dell-0001571996-24-000130,Dell Technologies Inc.,piotw_first_review_burden_only,https://www.sec.gov/Archives/edgar/data/1571996/000157199624000130/dell-20241126.htm,output/pdf/evidence_engine_v0_3/ee03-dell-0001571996-24-000130.pdf,shown only in separate assisted-review stage
ee03-dow-0001751788-23-000014,DOW INC.,human_first,https://www.sec.gov/Archives/edgar/data/1751788/000175178823000014/dow-20221231.htm,output/pdf/evidence_engine_v0_3/ee03-dow-0001751788-23-000014.pdf,hidden until gold freeze
ee03-dow-0001751788-24-000147,DOW INC.,piotw_first_review_burden_only,https://www.sec.gov/Archives/edgar/data/1751788/000175178824000147/dow-20241024.htm,output/pdf/evidence_engine_v0_3/ee03-dow-0001751788-24-000147.pdf,shown only in separate assisted-review stage
ee03-emn-0000915389-23-000015,EASTMAN CHEMICAL CO,human_first,https://www.sec.gov/Archives/edgar/data/915389/000091538923000015/emn-20221231.htm,output/pdf/evidence_engine_v0_3/ee03-emn-0000915389-23-000015.pdf,hidden until gold freeze
ee03-emn-0000915389-24-000225,EASTMAN CHEMICAL CO,piotw_first_review_burden_only,https://www.sec.gov/Archives/edgar/data/915389/000091538924000225/emn-20241031.htm,output/pdf/evidence_engine_v0_3/ee03-emn-0000915389-24-000225.pdf,shown only in separate assisted-review stage
ee03-etn-0001551182-23-000004,Eaton Corp plc,human_first,https://www.sec.gov/Archives/edgar/data/1551182/000155118223000004/etn-20221231.htm,output/pdf/evidence_engine_v0_3/ee03-etn-0001551182-23-000004.pdf,hidden until gold freeze
ee03-etn-0001551182-24-000038,Eaton Corp plc,piotw_first_review_burden_only,https://www.sec.gov/Archives/edgar/data/1551182/000155118224000038/etn-20241031.htm,output/pdf/evidence_engine_v0_3/ee03-etn-0001551182-24-000038.pdf,shown only in separate assisted-review stage
ee03-f-0000037996-23-000012,FORD MOTOR CO,human_first,https://www.sec.gov/Archives/edgar/data/37996/000003799623000012/f-20221231.htm,output/pdf/evidence_engine_v0_3/ee03-f-0000037996-23-000012.pdf,hidden until gold freeze
ee03-f-0000037996-24-000185,FORD MOTOR CO,piotw_first_review_burden_only,https://www.sec.gov/Archives/edgar/data/37996/000003799624000185/f-20240930.htm,output/pdf/evidence_engine_v0_3/ee03-f-0000037996-24-000185.pdf,shown only in separate assisted-review stage
ee03-fdx-0000950170-23-033201,FEDEX CORP,human_first,https://www.sec.gov/Archives/edgar/data/1048911/000095017023033201/fdx-20230531.htm,output/pdf/evidence_engine_v0_3/ee03-fdx-0000950170-23-033201.pdf,hidden until gold freeze
ee03-fdx-0000950170-24-138460,FEDEX CORP,piotw_first_review_burden_only,https://www.sec.gov/Archives/edgar/data/1048911/000095017024138460/fdx-20241130.htm,output/pdf/evidence_engine_v0_3/ee03-fdx-0000950170-24-138460.pdf,shown only in separate assisted-review stage
ee03-ge-0000040545-23-000023,GENERAL ELECTRIC CO,human_first,https://www.sec.gov/Archives/edgar/data/40545/000004054523000023/ge-20221231.htm,output/pdf/evidence_engine_v0_3/ee03-ge-0000040545-23-000023.pdf,hidden until gold freeze
ee03-ge-0000040545-24-000200,GENERAL ELECTRIC CO,piotw_first_review_burden_only,https://www.sec.gov/Archives/edgar/data/40545/000004054524000200/ge-20240930.htm,output/pdf/evidence_engine_v0_3/ee03-ge-0000040545-24-000200.pdf,shown only in separate assisted-review stage
