prediction_id,ticker,cutoff,window_end,outcome_status,occurred,outcome_date,source_title,source_url,resolution_note,exclusion_applied,review_status
rv-SNR-2021-12-31-restructuring-rules-1.0.0,SNR,2021-12-31,2022-12-31,negative,0,,Senior 2022 results and reports archive,https://www.seniorplc.com/investors/reports.aspx,"Full-window archive and first post-window results review found no distinct qualifying programme.","The 2019-20 restructuring programme and its residual costs were continuations.",single_researcher_primary_archive
rv-SNR-2022-12-31-restructuring-rules-1.0.0,SNR,2022-12-31,2023-12-31,negative,0,,Senior 2023 Annual Results,https://www.seniorplc.com/investors/reports.aspx,"The report records residual restructuring costs but no newly announced qualifying programme in the window.","Residual actions were attributed to the programme begun in 2019-20.",single_researcher_primary_archive
rv-CHRT-2021-12-31-restructuring-rules-1.0.0,CHRT,2021-12-31,2022-12-31,negative,0,,Cohort results reports and presentations archive,https://www.cohortplc.com/investors/results-reports-presentations,"Full-window archive and first post-window results review found no qualifying announcement.",,single_researcher_primary_archive
rv-CHRT-2022-12-31-restructuring-rules-1.0.0,CHRT,2022-12-31,2023-12-31,negative,0,,Cohort results reports and presentations archive,https://www.cohortplc.com/investors/results-reports-presentations,"Full-window archive and first post-window results review found no qualifying announcement.",,single_researcher_primary_archive
rv-MRO-2021-12-31-restructuring-rules-1.0.0,MRO,2021-12-31,2022-12-31,negative,0,,Melrose 2022 results archive,https://www.melroseplc.net/investors/results-reports-and-presentations/,"Restructuring activity was reported but no distinct previously unannounced programme qualified.","Continuing GKN programmes disclosed before cutoff were excluded.",single_researcher_primary_archive
rv-MRO-2022-12-31-restructuring-rules-1.0.0,MRO,2022-12-31,2023-12-31,negative,0,,Melrose Annual Report 2023,https://www.melroseplc.net/media/uk2n4jj0/melrose-annual-report-2023.pdf,"Plant closures and corporate changes in 2023 implemented strategies or programmes already public before cutoff; no distinct surprise met the contract.","Continuing GKN restructuring and the announced automotive demerger were excluded.",single_researcher_primary_archive
rv-ELM-2021-12-31-restructuring-rules-1.0.0,ELM,2021-12-31,2022-12-31,negative,0,,Elementis results reports and presentations archive,https://www.elementis.com/investors/investor-information/results-reports-and-presentations/,"Full-window archive and first post-window results review found no distinct qualifying programme.","Previously disclosed efficiency savings and the Chromium portfolio action were excluded.",single_researcher_primary_archive
rv-ELM-2022-12-31-restructuring-rules-1.0.0,ELM,2022-12-31,2023-12-31,positive,1,2023-09-30,Elementis preliminary results 2023,https://www.investegate.co.uk/index.php/announcement/rns/elementis--elm/preliminary-results-year-ended-31-december-2023/8075136,"Fit for the Future was announced in September 2023 with about 190 redundancies and quantified recurring savings; month-only timing is represented by month end.","The pre-cutoff Chromium sale was excluded; this was a distinct operating programme.",single_researcher_regulated_mirror
rv-CRPR-2021-12-31-restructuring-rules-1.0.0,CRPR,2021-12-31,2022-12-31,negative,0,,James Cropper announcements and briefings archive,https://jamescropper.com/announcements-and-briefings/,"Full-window archive and first post-window results review found no qualifying programme.","Pandemic-era actions announced before cutoff were excluded.",single_researcher_primary_archive
rv-CRPR-2022-12-31-restructuring-rules-1.0.0,CRPR,2022-12-31,2023-12-31,positive,1,2023-04-19,James Cropper full year results,https://www.investegate.co.uk/announcement/rns/cropper-james---crpr/full-year-results/8324504,"The Paper division restructuring reduced machine capacity and initiated redundancies affecting about 15% of the group workforce.",,single_researcher_regulated_mirror
rv-VCT-2021-12-31-restructuring-rules-1.0.0,VCT,2021-12-31,2022-12-31,negative,0,,Victrex reports and presentations archive,https://www.victrexplc.com/investors/reports-presentations/,"Full-window archive and first post-window results review found no qualifying programme.","The 2020 consultation and restructuring charge were historical.",single_researcher_primary_archive
rv-VCT-2022-12-31-restructuring-rules-1.0.0,VCT,2022-12-31,2023-12-31,negative,0,,Victrex reports and presentations archive,https://www.victrexplc.com/investors/reports-presentations/,"Full-window archive and first post-window results review found no qualifying programme.","The 2020 consultation and restructuring charge were historical.",single_researcher_primary_archive
rv-RCDO-2021-12-31-restructuring-rules-1.0.0,RCDO,2021-12-31,2022-12-31,negative,0,,Ricardo results centre,https://www.ricardo.com/en/investors/results-centre,"Full-window archive and first post-window results review found no new qualifying programme.","Operating-model actions already described were excluded.",single_researcher_primary_archive
rv-RCDO-2022-12-31-restructuring-rules-1.0.0,RCDO,2022-12-31,2023-12-31,positive,1,2023-02-21,Ricardo interim report 2022/23,https://www.ricardo.com/media/f4ypbjjq/interim-report-for-the-six-months-ended-31-december-2022-hy-2022-23.pdf,"Ricardo announced accelerated restructuring of Automotive and Industrial with staff departures and about GBP5m total cash costs.","This was a newly quantified acceleration beyond the non-qualifying pre-cutoff operating-model actions.",single_researcher_primary_document
rv-IMI-2021-12-31-restructuring-rules-1.0.0,IMI,2021-12-31,2022-12-31,negative,0,,IMI Annual Report 2022,https://www.imiplc.com/investors/results-reports-and-presentations,"Reported rationalisation activity advanced significant multi-year programmes rather than announcing a distinct new programme.","The Precision Engineering restructuring was already public.",single_researcher_primary_archive
rv-IMI-2022-12-31-restructuring-rules-1.0.0,IMI,2022-12-31,2023-12-31,negative,0,,IMI Annual Report 2023,https://www.imiplc.com/investors/results-reports-and-presentations,"The 2023 rationalisation and Customer First costs continued significant multi-year programmes advanced in 2022.","Previously disclosed divisional programmes were excluded.",single_researcher_primary_archive
rv-SPX-2021-12-31-restructuring-rules-1.0.0,SPX,2021-12-31,2022-12-31,negative,0,,Spirax Group 2022 results archive,https://www.spiraxgroup.com/en/investors/results-reports-and-presentations,"Full-window archive and first post-window results review found no distinct qualifying programme.","The ETS action was not treated as a distinct unannounced group programme.",single_researcher_primary_archive
rv-SPX-2022-12-31-restructuring-rules-1.0.0,SPX,2022-12-31,2023-12-31,positive,1,2023-08-10,Spirax Group 2023 half year results,https://content.spiraxgroup.com/-/media/engineering/documents/results-and-agm-notices/2023/results/2023-hy-news-release.ashx?hash=9BB23ACBFA9D2C2181A22F08913AA5A6&rev=659d1f7c72d341a0aa29f17e641f680e,"Watson-Marlow restructuring was announced to right-size manufacturing capacity and reduce overhead with material charges.","The previously disclosed ETS restructuring was excluded; Watson-Marlow was distinct.",single_researcher_primary_document
rv-PRV-2021-12-31-restructuring-rules-1.0.0,PRV,2021-12-31,2022-12-31,negative,0,,Porvair annual reports archive,https://www.porvair.com/investors/annual-reports,"Full-window archive and first post-window results review found no qualifying programme.",,single_researcher_primary_archive
rv-PRV-2022-12-31-restructuring-rules-1.0.0,PRV,2022-12-31,2023-12-31,negative,0,,Porvair Annual Report 2023,https://www.porvair.com/investors/annual-reports,"Only immaterial local restructuring or write-down costs were found; no qualifying programme was announced.",,single_researcher_primary_archive
