case_id,document_id,source_span,event_candidate,target_company_relevance,subject_entity,subject_type,actual_hypothetical_status,current_historical_status,risk_section_status,expected_disposition,root_cause_category,formal_gold,admissible_for_model2_gate,notes
v032-unseen-001,ee03-clf-0000764065-23-000032,"Even though many other employers are facing unprecedented labor shortages, we continued to grow during 2022.",labour_constraint,unclear_requires_attribution,unresolved_in_v0_3_2,unknown,unknown,current,unknown,rejected,third_party_context,false,false,Labour shortage describes other employers rather than the target company.
v032-unseen-002,ee03-clf-0000764065-23-000032,"Automotive production and sales are cyclical and sensitive to general economic conditions and other factors, including interest rates, consumer credit, spending and preferences, and supply chain disruptions, such as the current semiconductor shortage.",supply_chain_constraint,unclear_requires_attribution,unresolved_in_v0_3_2,unknown,unknown,current,unknown,rejected,generic_risk,false,false,Automotive industry sensitivity list does not establish a current company constraint.
v032-unseen-005,ee03-clf-0000764065-23-000032,"Prices for electricity, natural gas, diesel fuel, oils and raw materials can fluctuate widely with availability and demand levels from other users, including fluctuations caused by the impact of recent inflationary pressures, supply chain constraints, the 22",supply_chain_constraint,unclear_requires_attribution,unresolved_in_v0_3_2,unknown,unknown,current,unknown,rejected,generic_risk,false,false,Commodity availability risk wording does not establish a current event.
v032-unseen-006,ee03-clf-0000764065-23-000032,"The closure of a steelmaking or other operating facility or mining operation involves significant closure costs, including reclamation and other environmental costs, the costs of terminating long-term obligations, including customer, energy and transportation contracts and equipment and real property leases, costs associated with the altered tax profile of an idled or closed facility, and certain accounting charges, including asset impairment and accelerated depreciation.",site_closure,unclear_requires_attribution,unresolved_in_v0_3_2,unknown,unknown,current,unknown,rejected,accounting_or_definition,false,false,Facility-closure cost definition does not report a closure event.
v032-unseen-007,ee03-clf-0000764065-23-000032,"Cliffs maintains exploration drill hole data in an externally-managed, access-controlled acQuire database that is backed up online at regularly scheduled intervals to provide data redundancy and security.",redundancy,unclear_requires_attribution,unresolved_in_v0_3_2,unknown,unknown,current,unknown,rejected,wrong_context,false,false,Database redundancy is technical resilience not workforce redundancy.
v032-unseen-010,ee03-clf-0000764065-23-000032,"CLF 2022 FORM 10-K Table of Contents • unanticipated or higher costs associated with pension and OPEB obligations resulting from changes in the value of plan assets or contribution increases required for unfunded obligations; • uncertain availability or cost of skilled workers to fill critical operational positions and potential labor shortages caused by experienced employee attrition or otherwise, as well as our ability to attract, hire, develop and retain key personnel; • the amount and timing of any repurchases of our common shares; and • potential significant deficiencies or material weaknesses in our internal control over financial reporting.",labour_constraint,unclear_requires_attribution,unresolved_in_v0_3_2,unknown,unknown,current,unknown,rejected,malformed_table_fragment,false,false,Page/table fragment does not directly support labour constraint.
v032-unseen-015,ee03-cmi-0000026172-23-000005,"Our research and development programs are focused on product improvements, product extensions, innovations and cost reductions for our customers.",cost_reduction,unclear_requires_attribution,unresolved_in_v0_3_2,unknown,unknown,current,unknown,rejected,third_party_context,false,false,R&D cost reductions are benefits for customers not company intervention.
v032-unseen-017,ee03-cmi-0000026172-23-000005,"In periods of weak demand, we may face under-utilized capacity and un-recovered overhead costs, while in periods of strong demand we may experience unplanned costs and could fail to meet customer demand.",demand_weakness,unclear_requires_attribution,unresolved_in_v0_3_2,unknown,unknown,current,unknown,rejected,hypothetical_risk,false,false,Weak-demand sentence is generic conditional risk.
v032-unseen-018,ee03-cmi-0000026172-23-000005,"Despite their own engine manufacturing abilities, these customers have historically chosen to outsource certain types of engine production to us due to the quality of our engine products, our emission compliance capabilities, our systems 22 Table of Contents integration, their customers' preferences, their desire for cost reductions, their desire for eliminating production risks and their desire to maintain company focus.",cost_reduction,unclear_requires_attribution,unresolved_in_v0_3_2,unknown,unknown,current,unknown,rejected,third_party_context,false,false,Cost reduction explains customer outsourcing decision.
v032-unseen-019,ee03-cmi-0000026172-23-000005,"The ongoing energy transition away from fossil fuels and the increased adoption of electrified powertrains in some market segments could result in lower demand for current diesel or natural gas engines and components and, over time, reduce the demand for related parts and service revenues from diesel or natural gas powertrains.",demand_weakness,unclear_requires_attribution,unresolved_in_v0_3_2,unknown,unknown,ongoing,unknown,rejected,hypothetical_risk,false,false,Energy-transition sentence describes possible future lower demand.
v032-unseen-020,ee03-cmi-0000026172-23-000005,"Offering engines and services that customers desire and value can mitigate the risks of increasing competition and declining demand, but products and services that are perceived to be less than desirable (whether in terms of price, quality, overall value, fuel efficiency or other attributes) can exacerbate these risks.",demand_weakness,unclear_requires_attribution,unresolved_in_v0_3_2,unknown,unknown,current,unknown,rejected,generic_risk,false,false,Product strategy discussion does not establish current demand weakness.
v032-unseen-021,ee03-dow-0001751788-23-000014,"Mura plans to construct a new facility at Dow's Böhlen site in Germany, the latest in a series of planned facilities across the U.S.",new_facility,unclear_requires_attribution,unresolved_in_v0_3_2,unknown,unknown,planned,unknown,rejected,third_party_context,false,false,New facility is planned by Mura rather than Dow.
v032-unseen-028,ee03-dow-0001751788-23-000014,See Note 5 to the Consolidated Financial Statements for additional information on restructuring and asset related charges.,restructuring,unclear_requires_attribution,unresolved_in_v0_3_2,unknown,unknown,current,unknown,ambiguous,accounting_cross_reference,false,false,Cross-reference proves accounting disclosure but not operational event by itself.
synthetic-001-supplier,synthetic-v0-3-3,Our suppliers experienced labour shortages.,labour_constraint,external,supplier,supplier,actual_current,current,no,rejected,supplier_attribution,false,false,Generalized development regression case.
synthetic-002-supplier-impact,synthetic-v0-3-3,Supplier shortages caused delays to our production.,operational_disruption,direct,target company,target_company,actual_current,current,no,accepted,explicit_company_impact,false,false,Generalized development regression case.
synthetic-003-customer,synthetic-v0-3-3,Our customers reduced inventory.,demand_weakness,external,customer,customer,actual_current,current,no,rejected,customer_attribution,false,false,Generalized development regression case.
synthetic-004-customer-impact,synthetic-v0-3-3,Customer destocking reduced our sales volumes by 18%.,demand_weakness,direct,target company,target_company,actual_current,current,no,accepted,explicit_company_impact,false,false,Generalized development regression case.
synthetic-005-competitor,synthetic-v0-3-3,Our competitors announced capacity expansion.,capacity_expansion,external,competitor,competitor,actual_current,current,no,rejected,competitor_attribution,false,false,Generalized development regression case.
synthetic-006-industry,synthetic-v0-3-3,The semiconductor industry experienced inventory correction.,demand_weakness,external,semiconductor industry,industry,actual_current,current,no,rejected,industry_attribution,false,false,Generalized development regression case.
synthetic-007-quote,synthetic-v0-3-3,"According to analysts, demand could decline.",demand_weakness,external,analyst,third_party,hypothetical_risk,forecast,no,rejected,third_party_quote,false,false,Generalized development regression case.
synthetic-008-biography,synthetic-v0-3-3,She previously led a restructuring programme at Company X.,restructuring,external,former employer,former_employer,actual_historical,historical,no,rejected,biography,false,false,Generalized development regression case.
synthetic-009-acquisition,synthetic-v0-3-3,The acquisition target plans a site closure.,site_closure,external,acquisition target,acquisition_target,planned,planned,no,rejected,acquisition_target,false,false,Generalized development regression case.
synthetic-010-jv,synthetic-v0-3-3,Our joint venture announced capacity expansion.,capacity_expansion,shared,joint venture,joint_venture,planned,planned,no,rejected,joint_venture,false,false,Generalized development regression case.
synthetic-011-subsidiary,synthetic-v0-3-3,Our controlled subsidiary initiated a site closure.,site_closure,direct,controlled subsidiary,target_subsidiary,actual_current,current,no,accepted,target_subsidiary,false,false,Generalized development regression case.
synthetic-012-segment,synthetic-v0-3-3,Our Aviation segment experienced demand weakness.,demand_weakness,direct,Aviation,target_segment,actual_current,current,no,accepted,target_segment,false,false,Generalized development regression case.
synthetic-013-generic,synthetic-v0-3-3,Economic downturns could affect revenue.,demand_weakness,unclear,unknown,unknown,generic_risk,forecast,yes,rejected,generic_risk,false,false,Generalized development regression case.
synthetic-014-risk-actual,synthetic-v0-3-3,Risk Factors: We are currently experiencing supply disruptions affecting production.,supply_chain_constraint,direct,target company,target_company,actual_current,current,yes,accepted,actual_condition_in_risk_section,false,false,Generalized development regression case.
synthetic-015-conditional-actual,synthetic-v0-3-3,Demand could weaken further after declining 20% this quarter.,demand_weakness,direct,target company,target_company,actual_current_with_forecast,current,yes,accepted,embedded_current_fact,false,false,Generalized development regression case.
synthetic-016-negation,synthetic-v0-3-3,No restructuring is planned.,restructuring,direct,target company,target_company,negated,current,no,rejected,negation,false,false,Generalized development regression case.
